timestamp,zone_id,building_id,floor,area_name,energy_kwh,energy_cost_usd,energy_anomaly_score,asset_id,asset_type,asset_health_score,asset_failure_risk_pct,room_id,current_occupancy,capacity,occupancy_pct,security_event_count,security_risk_level,combined_priority_score,primary_category,priority,recommended_action,annual_savings_usd
2026-03-01 08:25,ZONE-B2-F2,B2,2,Engineering Lab,32.27,4.52,0.22,CHIL-B22001,Chiller,87.0,13.0,R-B2202,6,15,40.0,1,Low,49.7,MAINTENANCE,Medium,Schedule emergency bearing lubrication on Chiller #02,943.52
2026-03-01 08:50,ZONE-B3-F3,B3,3,Open Workspace,64.37,9.01,0.06,AHU-B33002,AHU,95.4,4.6,R-B3303,2,15,13.3,3,Low,41.3,OCCUPANCY,Low,Consolidate open desks on Floor 3 to reduce thermal load,0.0
2026-03-01 09:15,ZONE-B1-F4,B1,4,Conference Hall,54.41,7.62,0.32,GENE-B14003,Generator,89.9,10.1,R-B1404,10,30,33.3,1,Low,22.6,SECURITY,Medium,Re-issue temporary visitor clearance passes,0.0
2026-03-01 09:40,ZONE-B2-F5,B2,5,Server Room,61.27,8.58,0.16,WATE-B25004,Water Pump,86.5,13.5,R-B2505,6,15,40.0,2,Low,39.6,ENERGY,Low,Optimize ventilation fan speeds during lunch breaks,3766.2
2026-03-01 10:05,ZONE-B3-F1,B3,1,Cafeteria,54.17,7.58,0.09,HVAC-B31005,HVAC Unit,74.5,25.5,R-B3106,5,30,16.7,3,Medium,27.7,MAINTENANCE,Low,Calibrate pressure sensor telemetry on Pump #04,692.9
2026-03-01 10:30,ZONE-B1-F2,B1,2,Research Wing,25.15,3.52,0.23,CHIL-B12006,Chiller,75.4,24.6,R-B1207,5,15,33.3,2,Low,43.5,MAINTENANCE,Low,Schedule emergency bearing lubrication on Chiller #02,2348.75
2026-03-01 10:55,ZONE-B2-F3,B2,3,Executive Suite,49.86,6.98,0.35,AHU-B23007,AHU,86.1,13.9,R-B2308,0,15,0.0,0,Low,30.8,MAINTENANCE,Medium,Replace worn HVAC air filter cartridges,2329.22
2026-03-01 11:20,ZONE-B3-F4,B3,4,Engineering Lab,42.4,5.94,0.06,GENE-B34008,Generator,88.2,11.8,R-B3409,0,15,0.0,3,Low,51.0,SECURITY,Low,Flag unverified badge ID attempt for security audit,0.0
2026-03-01 11:45,ZONE-B1-F5,B1,5,Open Workspace,38.71,5.42,0.17,WATE-B15009,Water Pump,76.9,23.1,R-B1510,10,15,66.7,0,Low,21.6,SECURITY,Medium,Review CCTV footage at Server Room entry point,0.0
2026-03-01 12:10,ZONE-B2-F1,B2,1,Conference Hall,36.08,5.05,0.02,HVAC-B21010,HVAC Unit,82.8,17.2,R-B2111,13,30,43.3,3,Medium,53.8,OCCUPANCY,Low,Consolidate open desks on Floor 3 to reduce thermal load,0.0
2026-03-01 12:35,ZONE-B3-F2,B3,2,Server Room,36.19,5.07,0.35,CHIL-B32011,Chiller,73.8,26.2,R-B3212,3,15,20.0,3,Low,28.6,MAINTENANCE,Medium,Calibrate pressure sensor telemetry on Pump #04,2360.57
2026-03-01 13:00,ZONE-B1-F3,B1,3,Cafeteria,48.53,6.79,0.02,AHU-B13012,AHU,89.8,10.2,R-B1313,16,30,53.3,3,Low,42.1,MAINTENANCE,Medium,Schedule emergency bearing lubrication on Chiller #02,3930.48
2026-03-01 13:25,ZONE-B2-F4,B2,4,Research Wing,61.51,8.61,0.16,GENE-B24013,Generator,77.6,22.4,R-B2414,8,15,53.3,3,Low,20.1,SECURITY,Medium,Re-issue temporary visitor clearance passes,0.0
2026-03-01 13:50,ZONE-B3-F5,B3,5,Executive Suite,34.92,4.89,0.31,WATE-B35014,Water Pump,85.8,14.2,R-B3515,2,15,13.3,1,Low,24.7,MAINTENANCE,Low,Inspect compressor vibration isolators immediately,921.47
2026-03-01 14:15,ZONE-B1-F1,B1,1,Engineering Lab,46.59,6.52,0.24,HVAC-B11015,HVAC Unit,91.6,8.4,R-B1101,8,15,53.3,2,Medium,32.0,MAINTENANCE,Medium,Calibrate pressure sensor telemetry on Pump #04,1396.32
2026-03-01 14:40,ZONE-B2-F2,B2,2,Open Workspace,47.04,6.59,0.04,CHIL-B22016,Chiller,83.0,17.0,R-B2202,9,15,60.0,0,Low,52.8,ENERGY,Medium,Inspect chilled water flow valves for leakage,1627.95
2026-03-01 15:05,ZONE-B3-F3,B3,3,Conference Hall,84.56,11.84,0.92,AHU-B33017,AHU,76.5,23.5,R-B3303,16,30,53.3,3,Low,82.1,ENERGY,Medium,Implement automated LED dimming schedule,2362.46
2026-03-01 15:30,ZONE-B1-F4,B1,4,Server Room,43.0,6.02,0.18,GENE-B14018,Generator,90.9,9.1,R-B1404,5,15,33.3,2,Low,27.6,MAINTENANCE,Medium,Inspect compressor vibration isolators immediately,1457.82
2026-03-01 15:55,ZONE-B2-F5,B2,5,Cafeteria,25.58,3.58,0.04,WATE-B25019,Water Pump,92.4,7.6,R-B2505,28,30,93.3,0,Low,74.9,OCCUPANCY,Medium,Consolidate open desks on Floor 3 to reduce thermal load,0.0
2026-03-01 16:20,ZONE-B3-F1,B3,1,Research Wing,40.17,5.62,0.17,HVAC-B31020,HVAC Unit,79.7,20.3,R-B3106,5,15,33.3,1,Medium,40.1,OCCUPANCY,Medium,Reallocate team meetings from overcrowded Conference Hall,0.0
2026-03-01 16:45,ZONE-B1-F2,B1,2,Executive Suite,63.68,8.92,0.0,CHIL-B12021,Chiller,75.1,24.9,R-B1207,8,15,53.3,2,Low,48.2,OCCUPANCY,Medium,Consolidate open desks on Floor 3 to reduce thermal load,0.0
2026-03-01 17:10,ZONE-B2-F3,B2,3,Engineering Lab,47.07,6.59,0.16,AHU-B23022,AHU,90.2,9.8,R-B2308,3,15,20.0,2,Low,52.3,OCCUPANCY,Medium,Stagger cafeteria lunch shifts to prevent density spikes,0.0
2026-03-01 17:35,ZONE-B3-F4,B3,4,Open Workspace,67.5,9.45,0.26,GENE-B34023,Generator,33.0,67.0,R-B3409,0,15,0.0,0,Low,80.3,MAINTENANCE,High,Inspect compressor vibration isolators immediately,1977.83
2026-03-01 18:00,ZONE-B1-F5,B1,5,Conference Hall,50.69,7.1,0.33,WATE-B15024,Water Pump,80.9,19.1,R-B1510,9,30,30.0,1,Low,37.4,MAINTENANCE,Low,Replace worn HVAC air filter cartridges,2147.32
2026-03-01 18:25,ZONE-B2-F1,B2,1,Server Room,39.6,5.54,0.01,HVAC-B21025,HVAC Unit,84.2,15.8,R-B2111,0,15,0.0,1,Medium,45.5,ENERGY,Low,Adjust HVAC setpoints by +2°C during non-peak hours,656.39
2026-03-01 18:50,ZONE-B3-F2,B3,2,Cafeteria,39.07,5.47,0.14,CHIL-B32026,Chiller,94.3,5.7,R-B3212,12,30,40.0,0,Low,50.1,ENERGY,Medium,Inspect chilled water flow valves for leakage,3905.92
2026-03-01 19:15,ZONE-B1-F3,B1,3,Research Wing,45.16,6.32,0.01,AHU-B13027,AHU,95.8,4.2,R-B1313,6,15,40.0,1,Low,40.1,SECURITY,Low,Flag unverified badge ID attempt for security audit,0.0
2026-03-01 19:40,ZONE-B2-F4,B2,4,Executive Suite,53.08,7.43,0.2,GENE-B24028,Generator,77.6,22.4,R-B2414,5,15,33.3,0,Low,51.1,MAINTENANCE,Medium,Calibrate pressure sensor telemetry on Pump #04,3216.43
2026-03-01 20:05,ZONE-B3-F5,B3,5,Engineering Lab,52.43,7.34,0.02,WATE-B35029,Water Pump,80.6,19.4,R-B3515,3,15,20.0,2,Low,32.5,ENERGY,Low,Inspect chilled water flow valves for leakage,2723.79
2026-03-01 20:30,ZONE-B1-F1,B1,1,Open Workspace,37.36,5.23,0.22,HVAC-B11030,HVAC Unit,74.7,25.3,R-B1101,6,15,40.0,0,Medium,48.3,ENERGY,Medium,Inspect chilled water flow valves for leakage,2861.4
2026-03-01 20:55,ZONE-B2-F2,B2,2,Conference Hall,26.75,3.75,0.13,CHIL-B22031,Chiller,86.3,13.7,R-B2202,15,30,50.0,6,High,75.2,SECURITY,High,Re-issue temporary visitor clearance passes,0.0
2026-03-01 21:20,ZONE-B3-F3,B3,3,Server Room,38.47,5.39,0.33,AHU-B33032,AHU,73.2,26.8,R-B3303,2,15,13.3,2,Low,43.2,SECURITY,Medium,Lock down restricted laboratory entry door,0.0
2026-03-01 21:45,ZONE-B1-F4,B1,4,Cafeteria,38.51,5.39,0.1,GENE-B14033,Generator,79.1,20.9,R-B1404,6,30,20.0,0,Low,34.1,ENERGY,Low,Optimize ventilation fan speeds during lunch breaks,2120.49
2026-03-01 22:10,ZONE-B2-F5,B2,5,Research Wing,66.25,9.28,0.92,WATE-B25034,Water Pump,81.7,18.3,R-B2505,4,15,26.7,2,Low,78.4,ENERGY,Medium,Optimize ventilation fan speeds during lunch breaks,4010.28
2026-03-01 22:35,ZONE-B3-F1,B3,1,Executive Suite,60.36,8.45,0.02,HVAC-B31035,HVAC Unit,81.1,18.9,R-B3106,2,15,13.3,1,Medium,28.6,MAINTENANCE,Medium,Replace worn HVAC air filter cartridges,3674.54
2026-03-01 23:00,ZONE-B1-F2,B1,2,Engineering Lab,55.87,7.82,0.27,CHIL-B12036,Chiller,80.2,19.8,R-B1207,10,15,66.7,0,Low,36.3,SECURITY,Medium,Flag unverified badge ID attempt for security audit,0.0
2026-03-01 23:25,ZONE-B2-F3,B2,3,Open Workspace,68.78,9.63,0.21,AHU-B23037,AHU,91.4,8.6,R-B2308,8,15,53.3,2,Low,22.2,ENERGY,Low,Adjust HVAC setpoints by +2°C during non-peak hours,779.96
2026-03-01 23:50,ZONE-B3-F4,B3,4,Conference Hall,58.52,8.19,0.02,GENE-B34038,Generator,94.2,5.8,R-B3409,28,30,93.3,2,Low,61.0,OCCUPANCY,Medium,Consolidate open desks on Floor 3 to reduce thermal load,0.0
2026-03-02 00:15,ZONE-B1-F5,B1,5,Server Room,35.89,5.02,0.09,WATE-B15039,Water Pump,76.4,23.6,R-B1510,10,15,66.7,3,Low,41.7,SECURITY,Low,Re-issue temporary visitor clearance passes,0.0
2026-03-02 00:40,ZONE-B2-F1,B2,1,Cafeteria,69.72,9.76,0.1,HVAC-B21040,HVAC Unit,78.1,21.9,R-B2111,9,30,30.0,1,Medium,50.7,ENERGY,Low,Optimize ventilation fan speeds during lunch breaks,2681.09
2026-03-02 01:05,ZONE-B3-F2,B3,2,Research Wing,30.77,4.31,0.16,CHIL-B32041,Chiller,74.5,25.5,R-B3212,10,15,66.7,1,Low,29.5,ENERGY,Medium,Optimize ventilation fan speeds during lunch breaks,3980.56
2026-03-02 01:30,ZONE-B1-F3,B1,3,Executive Suite,64.14,8.98,0.02,AHU-B13042,AHU,72.8,27.2,R-B1313,0,15,0.0,0,Low,26.5,ENERGY,Medium,Inspect chilled water flow valves for leakage,4222.15
2026-03-02 01:55,ZONE-B2-F4,B2,4,Engineering Lab,45.1,6.31,0.21,GENE-B24043,Generator,72.2,27.8,R-B2414,5,15,33.3,2,Low,38.1,ENERGY,Medium,Inspect chilled water flow valves for leakage,3193.33
2026-03-02 02:20,ZONE-B3-F5,B3,5,Open Workspace,49.24,6.89,0.12,WATE-B35044,Water Pump,85.9,14.1,R-B3515,8,15,53.3,1,Low,54.0,ENERGY,Low,Inspect chilled water flow valves for leakage,2004.03
2026-03-02 02:45,ZONE-B1-F1,B1,1,Conference Hall,50.63,7.09,0.05,HVAC-B11045,HVAC Unit,94.5,5.5,R-B1101,19,30,63.3,3,Medium,48.4,ENERGY,Low,Adjust HVAC setpoints by +2°C during non-peak hours,1296.67
2026-03-02 03:10,ZONE-B2-F2,B2,2,Server Room,43.89,6.14,0.06,CHIL-B22046,Chiller,32.2,67.8,R-B2202,8,15,53.3,2,Low,84.5,MAINTENANCE,High,Schedule emergency bearing lubrication on Chiller #02,3450.06
2026-03-02 03:35,ZONE-B3-F3,B3,3,Cafeteria,47.05,6.59,0.06,AHU-B33047,AHU,90.2,9.8,R-B3303,18,30,60.0,0,Low,36.2,MAINTENANCE,Low,Replace worn HVAC air filter cartridges,708.34
2026-03-02 04:00,ZONE-B1-F4,B1,4,Research Wing,66.3,9.28,0.34,GENE-B14048,Generator,95.1,4.9,R-B1404,2,15,13.3,2,Low,23.7,OCCUPANCY,Medium,Consolidate open desks on Floor 3 to reduce thermal load,0.0
2026-03-02 04:25,ZONE-B2-F5,B2,5,Executive Suite,31.76,4.45,0.14,WATE-B25049,Water Pump,80.0,20.0,R-B2505,4,15,26.7,1,Low,27.2,SECURITY,Medium,Review CCTV footage at Server Room entry point,0.0
2026-03-02 04:50,ZONE-B3-F1,B3,1,Engineering Lab,43.98,6.16,0.18,HVAC-B31050,HVAC Unit,87.6,12.4,R-B3106,7,15,46.7,1,Medium,48.9,OCCUPANCY,Low,Reallocate team meetings from overcrowded Conference Hall,0.0
2026-03-02 05:15,ZONE-B1-F2,B1,2,Open Workspace,140.5,19.67,0.92,CHIL-B12051,Chiller,78.2,21.8,R-B1207,7,15,46.7,3,Low,84.0,ENERGY,High,Inspect chilled water flow valves for leakage,2166.08
2026-03-02 05:40,ZONE-B2-F3,B2,3,Conference Hall,38.33,5.37,0.15,AHU-B23052,AHU,76.2,23.8,R-B2308,8,30,26.7,1,Low,52.3,OCCUPANCY,Medium,Stagger cafeteria lunch shifts to prevent density spikes,0.0
2026-03-02 06:05,ZONE-B3-F4,B3,4,Server Room,25.85,3.62,0.18,GENE-B34053,Generator,94.9,5.1,R-B3409,1,15,6.7,3,Low,45.9,SECURITY,Medium,Lock down restricted laboratory entry door,0.0
2026-03-02 06:30,ZONE-B1-F5,B1,5,Cafeteria,58.45,8.18,0.26,WATE-B15054,Water Pump,76.5,23.5,R-B1510,18,30,60.0,0,Low,44.9,MAINTENANCE,Medium,Inspect compressor vibration isolators immediately,2692.48
2026-03-02 06:55,ZONE-B2-F1,B2,1,Research Wing,65.28,9.14,0.24,HVAC-B21055,HVAC Unit,73.5,26.5,R-B2111,2,15,13.3,3,Medium,34.3,SECURITY,Low,Re-issue temporary visitor clearance passes,0.0
2026-03-02 07:20,ZONE-B3-F2,B3,2,Executive Suite,57.27,8.02,0.32,CHIL-B32056,Chiller,78.0,22.0,R-B3212,0,15,0.0,3,Low,44.3,MAINTENANCE,Low,Inspect compressor vibration isolators immediately,1353.49
2026-03-02 07:45,ZONE-B1-F3,B1,3,Engineering Lab,42.93,6.01,0.12,AHU-B13057,AHU,85.5,14.5,R-B1313,14,15,93.3,2,Low,70.0,OCCUPANCY,Medium,Stagger cafeteria lunch shifts to prevent density spikes,0.0
2026-03-02 08:10,ZONE-B2-F4,B2,4,Open Workspace,32.49,4.55,0.09,GENE-B24058,Generator,89.2,10.8,R-B2414,10,15,66.7,1,Low,26.9,ENERGY,Medium,Optimize ventilation fan speeds during lunch breaks,2938.16
2026-03-02 08:35,ZONE-B3-F5,B3,5,Conference Hall,53.41,7.48,0.12,WATE-B35059,Water Pump,87.2,12.8,R-B3515,15,30,50.0,3,Low,44.9,ENERGY,Low,Adjust HVAC setpoints by +2°C during non-peak hours,3328.63
2026-03-02 09:00,ZONE-B1-F1,B1,1,Server Room,25.76,3.61,0.12,HVAC-B11060,HVAC Unit,88.2,11.8,R-B1101,6,15,40.0,3,Medium,46.8,OCCUPANCY,Medium,Enable floating desk booking policy for underutilized zones,0.0
2026-03-02 09:25,ZONE-B2-F2,B2,2,Cafeteria,69.92,9.79,0.3,CHIL-B22061,Chiller,79.8,20.2,R-B2202,15,30,50.0,0,Low,29.5,SECURITY,Medium,Flag unverified badge ID attempt for security audit,0.0
2026-03-02 09:50,ZONE-B3-F3,B3,3,Research Wing,37.68,5.28,0.34,AHU-B33062,AHU,78.1,21.9,R-B3303,3,15,20.0,10,Critical,92.1,SECURITY,Critical,Re-issue temporary visitor clearance passes,0.0
2026-03-02 10:15,ZONE-B1-F4,B1,4,Executive Suite,41.33,5.79,0.28,GENE-B14063,Generator,77.8,22.2,R-B1404,4,15,26.7,2,Low,20.8,OCCUPANCY,Low,Reallocate team meetings from overcrowded Conference Hall,0.0
2026-03-02 10:40,ZONE-B2-F5,B2,5,Engineering Lab,68.39,9.57,0.05,WATE-B25064,Water Pump,86.7,13.3,R-B2505,7,15,46.7,3,Low,35.5,MAINTENANCE,Medium,Replace worn HVAC air filter cartridges,4040.22
2026-03-02 11:05,ZONE-B3-F1,B3,1,Open Workspace,58.97,8.26,0.02,HVAC-B31065,HVAC Unit,93.2,6.8,R-B3106,2,15,13.3,2,Medium,37.4,MAINTENANCE,Low,Inspect compressor vibration isolators immediately,3414.94
2026-03-02 11:30,ZONE-B1-F2,B1,2,Conference Hall,61.07,8.55,0.33,CHIL-B12066,Chiller,88.2,11.8,R-B1207,17,30,56.7,1,Low,45.9,SECURITY,Medium,Lock down restricted laboratory entry door,0.0
2026-03-02 11:55,ZONE-B2-F3,B2,3,Server Room,38.97,5.46,0.21,AHU-B23067,AHU,91.1,8.9,R-B2308,4,15,26.7,2,Low,41.3,ENERGY,Low,Adjust HVAC setpoints by +2°C during non-peak hours,1162.11
2026-03-02 12:20,ZONE-B3-F4,B3,4,Cafeteria,93.1,13.03,0.92,GENE-B34068,Generator,88.5,11.5,R-B3409,9,30,30.0,1,Low,70.6,ENERGY,Medium,Optimize ventilation fan speeds during lunch breaks,4159.0
2026-03-02 12:45,ZONE-B1-F5,B1,5,Research Wing,40.51,5.67,0.09,WATE-B15069,Water Pump,39.9,60.1,R-B1510,3,15,20.0,3,Low,83.3,MAINTENANCE,High,Replace worn HVAC air filter cartridges,3809.82
2026-03-02 13:10,ZONE-B2-F1,B2,1,Executive Suite,66.99,9.38,0.22,HVAC-B21070,HVAC Unit,85.0,15.0,R-B2111,3,15,20.0,2,Medium,43.4,OCCUPANCY,Medium,Reallocate team meetings from overcrowded Conference Hall,0.0
2026-03-02 13:35,ZONE-B3-F2,B3,2,Engineering Lab,33.29,4.66,0.16,CHIL-B32071,Chiller,94.8,5.2,R-B3212,3,15,20.0,1,Low,27.9,MAINTENANCE,Medium,Inspect compressor vibration isolators immediately,2345.54
2026-03-02 14:00,ZONE-B1-F3,B1,3,Open Workspace,69.22,9.69,0.13,AHU-B13072,AHU,79.5,20.5,R-B1313,10,15,66.7,1,Low,46.9,OCCUPANCY,Low,Enable floating desk booking policy for underutilized zones,0.0
2026-03-02 14:25,ZONE-B2-F4,B2,4,Conference Hall,57.52,8.05,0.3,GENE-B24073,Generator,92.5,7.5,R-B2414,5,30,16.7,3,Low,29.6,OCCUPANCY,Medium,Stagger cafeteria lunch shifts to prevent density spikes,0.0
2026-03-02 14:50,ZONE-B3-F5,B3,5,Server Room,28.93,4.05,0.25,WATE-B35074,Water Pump,88.2,11.8,R-B3515,5,15,33.3,3,Low,52.8,OCCUPANCY,Medium,Enable floating desk booking policy for underutilized zones,0.0
2026-03-02 15:15,ZONE-B1-F1,B1,1,Cafeteria,63.33,8.87,0.08,HVAC-B11075,HVAC Unit,79.5,20.5,R-B1101,12,30,40.0,1,Medium,31.4,MAINTENANCE,Medium,Replace worn HVAC air filter cartridges,2637.08
2026-03-02 15:40,ZONE-B2-F2,B2,2,Research Wing,61.84,8.66,0.2,CHIL-B22076,Chiller,93.1,6.9,R-B2202,14,15,93.3,0,Low,72.8,OCCUPANCY,Medium,Reallocate team meetings from overcrowded Conference Hall,0.0
2026-03-02 16:05,ZONE-B3-F3,B3,3,Executive Suite,37.26,5.22,0.34,AHU-B33077,AHU,72.6,27.4,R-B3303,7,15,46.7,0,Low,40.8,SECURITY,Medium,Lock down restricted laboratory entry door,0.0
2026-03-02 16:30,ZONE-B1-F4,B1,4,Engineering Lab,50.65,7.09,0.28,GENE-B14078,Generator,74.9,25.1,R-B1404,5,15,33.3,3,Low,30.0,OCCUPANCY,Medium,Enable floating desk booking policy for underutilized zones,0.0
2026-03-02 16:55,ZONE-B2-F5,B2,5,Open Workspace,27.17,3.8,0.18,WATE-B25079,Water Pump,90.8,9.2,R-B2505,5,15,33.3,0,Low,49.0,ENERGY,Low,Optimize ventilation fan speeds during lunch breaks,2947.58
2026-03-02 17:20,ZONE-B3-F1,B3,1,Conference Hall,60.61,8.49,0.22,HVAC-B31080,HVAC Unit,94.8,5.2,R-B3106,1,30,3.3,2,Medium,33.1,OCCUPANCY,Medium,Consolidate open desks on Floor 3 to reduce thermal load,0.0
2026-03-02 17:45,ZONE-B1-F2,B1,2,Server Room,25.59,3.58,0.24,CHIL-B12081,Chiller,90.4,9.6,R-B1207,5,15,33.3,3,Low,31.8,SECURITY,Low,Lock down restricted laboratory entry door,0.0
2026-03-02 18:10,ZONE-B2-F3,B2,3,Cafeteria,37.66,5.27,0.35,AHU-B23082,AHU,91.5,8.5,R-B2308,4,30,13.3,0,Low,51.3,OCCUPANCY,Medium,Stagger cafeteria lunch shifts to prevent density spikes,0.0
2026-03-02 18:35,ZONE-B3-F4,B3,4,Research Wing,43.84,6.14,0.34,GENE-B34083,Generator,81.2,18.8,R-B3409,7,15,46.7,1,Low,39.4,ENERGY,Low,Adjust HVAC setpoints by +2°C during non-peak hours,2578.35
2026-03-02 19:00,ZONE-B1-F5,B1,5,Executive Suite,41.52,5.81,0.27,WATE-B15084,Water Pump,92.3,7.7,R-B1510,1,15,6.7,3,Low,40.8,MAINTENANCE,Low,Schedule emergency bearing lubrication on Chiller #02,1713.03
2026-03-02 19:25,ZONE-B2-F1,B2,1,Engineering Lab,139.89,19.58,0.92,HVAC-B21085,HVAC Unit,82.5,17.5,R-B2111,1,15,6.7,1,Medium,76.4,ENERGY,High,Implement automated LED dimming schedule,1518.65
2026-03-02 19:50,ZONE-B3-F2,B3,2,Open Workspace,50.72,7.1,0.19,CHIL-B32086,Chiller,77.5,22.5,R-B3212,1,15,6.7,3,Low,36.2,SECURITY,Low,Flag unverified badge ID attempt for security audit,0.0
2026-03-02 20:15,ZONE-B1-F3,B1,3,Conference Hall,32.3,4.52,0.04,AHU-B13087,AHU,89.9,10.1,R-B1313,16,30,53.3,1,Low,28.5,SECURITY,Low,Flag unverified badge ID attempt for security audit,0.0
2026-03-02 20:40,ZONE-B2-F4,B2,4,Server Room,53.15,7.44,0.06,GENE-B24088,Generator,93.5,6.5,R-B2414,1,15,6.7,0,Low,49.9,SECURITY,Medium,Re-issue temporary visitor clearance passes,0.0
2026-03-02 21:05,ZONE-B3-F5,B3,5,Cafeteria,58.53,8.19,0.19,WATE-B35089,Water Pump,94.2,5.8,R-B3515,9,30,30.0,0,Low,26.1,ENERGY,Low,Inspect chilled water flow valves for leakage,1029.65
2026-03-02 21:30,ZONE-B1-F1,B1,1,Research Wing,30.45,4.26,0.21,HVAC-B11090,HVAC Unit,90.3,9.7,R-B1101,10,15,66.7,1,Medium,23.3,MAINTENANCE,Low,Replace worn HVAC air filter cartridges,4248.17
2026-03-02 21:55,ZONE-B2-F2,B2,2,Executive Suite,35.79,5.01,0.33,CHIL-B22091,Chiller,91.4,8.6,R-B2202,2,15,13.3,1,Low,23.6,OCCUPANCY,Low,Reallocate team meetings from overcrowded Conference Hall,0.0
2026-03-02 22:20,ZONE-B3-F3,B3,3,Engineering Lab,30.62,4.29,0.11,AHU-B33092,AHU,44.8,55.2,R-B3303,2,15,13.3,3,Low,71.9,MAINTENANCE,Medium,Calibrate pressure sensor telemetry on Pump #04,3931.72
2026-03-02 22:45,ZONE-B1-F4,B1,4,Open Workspace,52.11,7.3,0.19,GENE-B14093,Generator,73.8,26.2,R-B1404,4,15,26.7,4,High,87.4,SECURITY,High,Lock down restricted laboratory entry door,0.0
2026-03-02 23:10,ZONE-B2-F5,B2,5,Conference Hall,50.5,7.07,0.31,WATE-B25094,Water Pump,74.9,25.1,R-B2505,3,30,10.0,0,Low,31.9,OCCUPANCY,Medium,Reallocate team meetings from overcrowded Conference Hall,0.0
2026-03-02 23:35,ZONE-B3-F1,B3,1,Server Room,61.81,8.65,0.34,HVAC-B31095,HVAC Unit,82.7,17.3,R-B3106,14,15,93.3,2,Medium,62.0,OCCUPANCY,Medium,Stagger cafeteria lunch shifts to prevent density spikes,0.0
2026-03-03 00:00,ZONE-B1-F2,B1,2,Cafeteria,25.23,3.53,0.11,CHIL-B12096,Chiller,90.4,9.6,R-B1207,11,30,36.7,2,Low,43.7,SECURITY,Medium,Review CCTV footage at Server Room entry point,0.0
2026-03-03 00:25,ZONE-B2-F3,B2,3,Research Wing,34.85,4.88,0.22,AHU-B23097,AHU,91.4,8.6,R-B2308,8,15,53.3,1,Low,31.1,OCCUPANCY,Medium,Stagger cafeteria lunch shifts to prevent density spikes,0.0
2026-03-03 00:50,ZONE-B3-F4,B3,4,Executive Suite,53.88,7.54,0.14,GENE-B34098,Generator,90.5,9.5,R-B3409,0,15,0.0,2,Low,54.2,MAINTENANCE,Medium,Calibrate pressure sensor telemetry on Pump #04,523.15
2026-03-03 01:15,ZONE-B1-F5,B1,5,Engineering Lab,52.99,7.42,0.08,WATE-B15099,Water Pump,83.6,16.4,R-B1510,7,15,46.7,0,Low,37.6,MAINTENANCE,Low,Replace worn HVAC air filter cartridges,630.16
2026-03-03 01:40,ZONE-B2-F1,B2,1,Open Workspace,47.53,6.65,0.05,HVAC-B21100,HVAC Unit,76.7,23.3,R-B2111,2,15,13.3,3,Medium,41.1,SECURITY,Medium,Re-issue temporary visitor clearance passes,0.0
2026-03-03 02:05,ZONE-B3-F2,B3,2,Conference Hall,27.55,3.86,0.15,CHIL-B32101,Chiller,86.6,13.4,R-B3212,12,30,40.0,0,Low,50.7,MAINTENANCE,Medium,Schedule emergency bearing lubrication on Chiller #02,3733.78
2026-03-03 02:30,ZONE-B1-F3,B1,3,Server Room,151.26,21.18,0.92,AHU-B13102,AHU,90.8,9.2,R-B1313,1,15,6.7,0,Low,83.9,ENERGY,High,Adjust HVAC setpoints by +2°C during non-peak hours,1350.71
2026-03-03 02:55,ZONE-B2-F4,B2,4,Cafeteria,53.23,7.45,0.08,GENE-B24103,Generator,73.0,27.0,R-B2414,17,30,56.7,0,Low,39.6,ENERGY,Medium,Adjust HVAC setpoints by +2°C during non-peak hours,2389.83
2026-03-03 03:20,ZONE-B3-F5,B3,5,Research Wing,36.13,5.06,0.21,WATE-B35104,Water Pump,92.1,7.9,R-B3515,1,15,6.7,2,Low,53.2,ENERGY,Medium,Inspect chilled water flow valves for leakage,1372.95
2026-03-03 03:45,ZONE-B1-F1,B1,1,Executive Suite,55.16,7.72,0.05,HVAC-B11105,HVAC Unit,73.5,26.5,R-B1101,9,15,60.0,3,Medium,47.1,OCCUPANCY,Low,Consolidate open desks on Floor 3 to reduce thermal load,0.0
2026-03-03 04:10,ZONE-B2-F2,B2,2,Engineering Lab,60.44,8.46,0.33,CHIL-B22106,Chiller,87.4,12.6,R-B2202,1,15,6.7,2,Low,31.4,MAINTENANCE,Medium,Inspect compressor vibration isolators immediately,531.19
2026-03-03 04:35,ZONE-B3-F3,B3,3,Open Workspace,53.42,7.48,0.23,AHU-B33107,AHU,92.0,8.0,R-B3303,8,15,53.3,1,Low,30.8,ENERGY,Low,Optimize ventilation fan speeds during lunch breaks,678.67
2026-03-03 05:00,ZONE-B1-F4,B1,4,Conference Hall,43.98,6.16,0.13,GENE-B14108,Generator,86.1,13.9,R-B1404,16,30,53.3,2,Low,41.9,ENERGY,Low,Optimize ventilation fan speeds during lunch breaks,690.07
2026-03-03 05:25,ZONE-B2-F5,B2,5,Server Room,58.7,8.22,0.2,WATE-B25109,Water Pump,82.6,17.4,R-B2505,1,15,6.7,3,Low,47.6,SECURITY,Medium,Re-issue temporary visitor clearance passes,0.0
2026-03-03 05:50,ZONE-B3-F1,B3,1,Cafeteria,50.19,7.03,0.3,HVAC-B31110,HVAC Unit,92.1,7.9,R-B3106,19,30,63.3,3,Medium,52.6,MAINTENANCE,Low,Replace worn HVAC air filter cartridges,2480.21
2026-03-03 06:15,ZONE-B1-F2,B1,2,Research Wing,44.58,6.24,0.08,CHIL-B12111,Chiller,93.7,6.3,R-B1207,9,15,60.0,1,Low,50.9,MAINTENANCE,Low,Schedule emergency bearing lubrication on Chiller #02,3013.9
2026-03-03 06:40,ZONE-B2-F3,B2,3,Executive Suite,63.87,8.94,0.16,AHU-B23112,AHU,84.9,15.1,R-B2308,8,15,53.3,1,Low,25.3,MAINTENANCE,Low,Calibrate pressure sensor telemetry on Pump #04,4133.67
2026-03-03 07:05,ZONE-B3-F4,B3,4,Engineering Lab,58.34,8.17,0.33,GENE-B34113,Generator,86.1,13.9,R-B3409,7,15,46.7,3,Low,21.8,ENERGY,Medium,Implement automated LED dimming schedule,1766.42
2026-03-03 07:30,ZONE-B1-F5,B1,5,Open Workspace,68.01,9.52,0.1,WATE-B15114,Water Pump,86.6,13.4,R-B1510,14,15,93.3,0,Low,64.0,OCCUPANCY,Medium,Enable floating desk booking policy for underutilized zones,0.0
2026-03-03 07:55,ZONE-B2-F1,B2,1,Conference Hall,45.56,6.38,0.3,HVAC-B21115,HVAC Unit,52.4,47.6,R-B2111,5,30,16.7,2,Medium,78.8,MAINTENANCE,Medium,Replace worn HVAC air filter cartridges,2692.22
2026-03-03 08:20,ZONE-B3-F2,B3,2,Server Room,29.25,4.1,0.08,CHIL-B32116,Chiller,90.3,9.7,R-B3212,6,15,40.0,0,Low,22.0,MAINTENANCE,Low,Replace worn HVAC air filter cartridges,3052.17
2026-03-03 08:45,ZONE-B1-F3,B1,3,Cafeteria,61.04,8.55,0.26,AHU-B13117,AHU,91.6,8.4,R-B1313,2,30,6.7,0,Low,26.3,MAINTENANCE,Medium,Replace worn HVAC air filter cartridges,546.32
2026-03-03 09:10,ZONE-B2-F4,B2,4,Research Wing,54.4,7.62,0.27,GENE-B24118,Generator,84.6,15.4,R-B2414,0,15,0.0,1,Low,35.0,ENERGY,Medium,Inspect chilled water flow valves for leakage,3267.08
2026-03-03 09:35,ZONE-B3-F5,B3,5,Executive Suite,126.92,17.77,0.92,WATE-B35119,Water Pump,80.4,19.6,R-B3515,5,15,33.3,2,Low,74.5,ENERGY,High,Optimize ventilation fan speeds during lunch breaks,2896.47
2026-03-03 10:00,ZONE-B1-F1,B1,1,Engineering Lab,38.31,5.36,0.23,HVAC-B11120,HVAC Unit,84.7,15.3,R-B1101,6,15,40.0,2,Medium,38.9,ENERGY,Medium,Adjust HVAC setpoints by +2°C during non-peak hours,899.23
2026-03-03 10:25,ZONE-B2-F2,B2,2,Open Workspace,55.88,7.82,0.23,CHIL-B22121,Chiller,90.9,9.1,R-B2202,0,15,0.0,3,Low,24.6,MAINTENANCE,Medium,Replace worn HVAC air filter cartridges,3689.81
2026-03-03 10:50,ZONE-B3-F3,B3,3,Conference Hall,40.31,5.64,0.1,AHU-B33122,AHU,85.7,14.3,R-B3303,9,30,30.0,0,Low,29.8,ENERGY,Low,Implement automated LED dimming schedule,3491.01
2026-03-03 11:15,ZONE-B1-F4,B1,4,Server Room,30.77,4.31,0.08,GENE-B14123,Generator,84.9,15.1,R-B1404,0,15,0.0,1,Low,52.9,SECURITY,Medium,Re-issue temporary visitor clearance passes,0.0
2026-03-03 11:40,ZONE-B2-F5,B2,5,Cafeteria,45.88,6.42,0.12,WATE-B25124,Water Pump,94.4,5.6,R-B2505,5,30,16.7,3,Critical,75.6,SECURITY,Critical,Flag unverified badge ID attempt for security audit,0.0
2026-03-03 12:05,ZONE-B3-F1,B3,1,Research Wing,67.11,9.4,0.15,HVAC-B31125,HVAC Unit,87.9,12.1,R-B3106,4,15,26.7,2,Medium,26.9,ENERGY,Medium,Implement automated LED dimming schedule,2281.53
2026-03-03 12:30,ZONE-B1-F2,B1,2,Executive Suite,58.99,8.26,0.11,CHIL-B12126,Chiller,96.6,3.4,R-B1207,2,15,13.3,1,Low,38.7,ENERGY,Medium,Inspect chilled water flow valves for leakage,2796.94
2026-03-03 12:55,ZONE-B2-F3,B2,3,Engineering Lab,67.9,9.51,0.08,AHU-B23127,AHU,77.5,22.5,R-B2308,5,15,33.3,0,Low,21.4,SECURITY,Low,Re-issue temporary visitor clearance passes,0.0
2026-03-03 13:20,ZONE-B3-F4,B3,4,Open Workspace,65.05,9.11,0.22,GENE-B34128,Generator,78.3,21.7,R-B3409,7,15,46.7,1,Low,25.1,ENERGY,Low,Adjust HVAC setpoints by +2°C during non-peak hours,1212.06
2026-03-03 13:45,ZONE-B1-F5,B1,5,Conference Hall,50.15,7.02,0.06,WATE-B15129,Water Pump,80.1,19.9,R-B1510,6,30,20.0,3,Low,25.0,SECURITY,Low,Review CCTV footage at Server Room entry point,0.0
2026-03-03 14:10,ZONE-B2-F1,B2,1,Server Room,46.12,6.46,0.11,HVAC-B21130,HVAC Unit,89.9,10.1,R-B2111,6,15,40.0,3,Medium,41.8,ENERGY,Medium,Inspect chilled water flow valves for leakage,2810.7
2026-03-03 14:35,ZONE-B3-F2,B3,2,Cafeteria,31.3,4.38,0.15,CHIL-B32131,Chiller,81.7,18.3,R-B3212,18,30,60.0,0,Low,53.6,MAINTENANCE,Low,Calibrate pressure sensor telemetry on Pump #04,3741.08
2026-03-03 15:00,ZONE-B1-F3,B1,3,Research Wing,31.84,4.46,0.13,AHU-B13132,AHU,94.4,5.6,R-B1313,0,15,0.0,2,Low,28.6,MAINTENANCE,Low,Schedule emergency bearing lubrication on Chiller #02,3951.06
2026-03-03 15:25,ZONE-B2-F4,B2,4,Executive Suite,59.27,8.3,0.1,GENE-B24133,Generator,77.1,22.9,R-B2414,14,15,93.3,3,Low,77.2,OCCUPANCY,Medium,Stagger cafeteria lunch shifts to prevent density spikes,0.0
2026-03-03 15:50,ZONE-B3-F5,B3,5,Engineering Lab,28.17,3.94,0.26,WATE-B35134,Water Pump,90.9,9.1,R-B3515,3,15,20.0,1,Low,53.8,ENERGY,Medium,Implement automated LED dimming schedule,1189.89
2026-03-03 16:15,ZONE-B1-F1,B1,1,Open Workspace,43.07,6.03,0.18,HVAC-B11135,HVAC Unit,91.3,8.7,R-B1101,8,15,53.3,1,Medium,45.6,MAINTENANCE,Low,Schedule emergency bearing lubrication on Chiller #02,1826.26
2026-03-03 16:40,ZONE-B2-F2,B2,2,Conference Hall,149.31,20.9,0.92,CHIL-B22136,Chiller,76.7,23.3,R-B2202,6,30,20.0,0,Low,80.2,ENERGY,High,Optimize ventilation fan speeds during lunch breaks,751.53
2026-03-03 17:05,ZONE-B3-F3,B3,3,Server Room,28.73,4.02,0.09,AHU-B33137,AHU,82.0,18.0,R-B3303,5,15,33.3,1,Low,48.5,MAINTENANCE,Medium,Calibrate pressure sensor telemetry on Pump #04,2052.26
2026-03-03 17:30,ZONE-B1-F4,B1,4,Cafeteria,43.22,6.05,0.13,GENE-B14138,Generator,34.0,66.0,R-B1404,2,30,6.7,2,Low,77.3,MAINTENANCE,High,Inspect compressor vibration isolators immediately,905.61
2026-03-03 17:55,ZONE-B2-F5,B2,5,Research Wing,49.59,6.94,0.08,WATE-B25139,Water Pump,72.3,27.7,R-B2505,3,15,20.0,2,Low,52.5,MAINTENANCE,Low,Schedule emergency bearing lubrication on Chiller #02,3521.54
2026-03-03 18:20,ZONE-B3-F1,B3,1,Executive Suite,60.26,8.44,0.29,HVAC-B31140,HVAC Unit,88.9,11.1,R-B3106,2,15,13.3,3,Medium,34.3,MAINTENANCE,Low,Inspect compressor vibration isolators immediately,3380.28
2026-03-03 18:45,ZONE-B1-F2,B1,2,Engineering Lab,30.18,4.23,0.3,CHIL-B12141,Chiller,84.4,15.6,R-B1207,6,15,40.0,1,Low,49.4,ENERGY,Low,Inspect chilled water flow valves for leakage,3543.67
2026-03-03 19:10,ZONE-B2-F3,B2,3,Open Workspace,51.02,7.14,0.02,AHU-B23142,AHU,90.2,9.8,R-B2308,0,15,0.0,2,Low,47.7,MAINTENANCE,Medium,Inspect compressor vibration isolators immediately,2845.64
2026-03-03 19:35,ZONE-B3-F4,B3,4,Conference Hall,60.75,8.51,0.01,GENE-B34143,Generator,83.0,17.0,R-B3409,10,30,33.3,0,Low,30.7,OCCUPANCY,Low,Stagger cafeteria lunch shifts to prevent density spikes,0.0
2026-03-03 20:00,ZONE-B1-F5,B1,5,Server Room,44.41,6.22,0.02,WATE-B15144,Water Pump,78.8,21.2,R-B1510,2,15,13.3,0,Low,52.1,ENERGY,Medium,Optimize ventilation fan speeds during lunch breaks,956.37
2026-03-03 20:25,ZONE-B2-F1,B2,1,Cafeteria,28.35,3.97,0.22,HVAC-B21145,HVAC Unit,75.9,24.1,R-B2111,4,30,13.3,2,Medium,47.7,SECURITY,Medium,Re-issue temporary visitor clearance passes,0.0
2026-03-03 20:50,ZONE-B3-F2,B3,2,Research Wing,57.17,8.0,0.18,CHIL-B32146,Chiller,78.2,21.8,R-B3212,10,15,66.7,3,Low,24.3,MAINTENANCE,Low,Schedule emergency bearing lubrication on Chiller #02,3083.79
2026-03-03 21:15,ZONE-B1-F3,B1,3,Executive Suite,40.21,5.63,0.34,AHU-B13147,AHU,76.1,23.9,R-B1313,3,15,20.0,0,Low,48.1,OCCUPANCY,Medium,Stagger cafeteria lunch shifts to prevent density spikes,0.0
2026-03-03 21:40,ZONE-B2-F4,B2,4,Engineering Lab,45.47,6.37,0.26,GENE-B24148,Generator,87.2,12.8,R-B2414,2,15,13.3,2,Low,47.8,OCCUPANCY,Low,Enable floating desk booking policy for underutilized zones,0.0
2026-03-03 22:05,ZONE-B3-F5,B3,5,Open Workspace,53.29,7.46,0.15,WATE-B35149,Water Pump,88.6,11.4,R-B3515,7,15,46.7,0,Low,50.9,MAINTENANCE,Medium,Inspect compressor vibration isolators immediately,4111.87
2026-03-03 22:30,ZONE-B1-F1,B1,1,Conference Hall,34.09,4.77,0.12,HVAC-B11150,HVAC Unit,74.0,26.0,R-B1101,3,30,10.0,2,Medium,48.7,MAINTENANCE,Low,Calibrate pressure sensor telemetry on Pump #04,1874.92
2026-03-03 22:55,ZONE-B2-F2,B2,2,Server Room,42.11,5.9,0.02,CHIL-B22151,Chiller,80.5,19.5,R-B2202,9,15,60.0,2,Low,46.2,OCCUPANCY,Medium,Enable floating desk booking policy for underutilized zones,0.0
2026-03-03 23:20,ZONE-B3-F3,B3,3,Cafeteria,61.8,8.65,0.2,AHU-B33152,AHU,76.5,23.5,R-B3303,28,30,93.3,2,Low,60.9,OCCUPANCY,Medium,Consolidate open desks on Floor 3 to reduce thermal load,0.0
2026-03-03 23:45,ZONE-B1-F4,B1,4,Research Wing,177.84,24.9,0.92,GENE-B14153,Generator,79.2,20.8,R-B1404,1,15,6.7,0,Low,81.2,ENERGY,High,Adjust HVAC setpoints by +2°C during non-peak hours,2671.9
2026-03-04 00:10,ZONE-B2-F5,B2,5,Executive Suite,65.59,9.18,0.27,WATE-B25154,Water Pump,78.7,21.3,R-B2505,6,15,40.0,3,Low,40.1,ENERGY,Low,Inspect chilled water flow valves for leakage,869.17
2026-03-04 00:35,ZONE-B3-F1,B3,1,Engineering Lab,58.36,8.17,0.31,HVAC-B31155,HVAC Unit,86.4,13.6,R-B3106,4,15,26.7,6,High,88.6,SECURITY,High,Review CCTV footage at Server Room entry point,0.0
2026-03-04 01:00,ZONE-B1-F2,B1,2,Open Workspace,60.89,8.52,0.3,CHIL-B12156,Chiller,85.0,15.0,R-B1207,5,15,33.3,3,Low,26.5,OCCUPANCY,Medium,Consolidate open desks on Floor 3 to reduce thermal load,0.0
2026-03-04 01:25,ZONE-B2-F3,B2,3,Conference Hall,44.68,6.26,0.32,AHU-B23157,AHU,86.4,13.6,R-B2308,6,30,20.0,2,Low,44.8,MAINTENANCE,Low,Replace worn HVAC air filter cartridges,899.44
2026-03-04 01:50,ZONE-B3-F4,B3,4,Server Room,39.95,5.59,0.12,GENE-B34158,Generator,80.2,19.8,R-B3409,3,15,20.0,2,Low,49.2,MAINTENANCE,Medium,Calibrate pressure sensor telemetry on Pump #04,1893.56
2026-03-04 02:15,ZONE-B1-F5,B1,5,Cafeteria,68.13,9.54,0.25,WATE-B15159,Water Pump,97.0,3.0,R-B1510,7,30,23.3,3,Low,23.9,MAINTENANCE,Low,Inspect compressor vibration isolators immediately,1390.47
2026-03-04 02:40,ZONE-B2-F1,B2,1,Research Wing,56.44,7.9,0.32,HVAC-B21160,HVAC Unit,85.8,14.2,R-B2111,7,15,46.7,3,Medium,27.4,SECURITY,Low,Lock down restricted laboratory entry door,0.0
2026-03-04 03:05,ZONE-B3-F2,B3,2,Executive Suite,59.49,8.33,0.22,CHIL-B32161,Chiller,42.1,57.9,R-B3212,1,15,6.7,0,Low,70.5,MAINTENANCE,Medium,Schedule emergency bearing lubrication on Chiller #02,3153.92
2026-03-04 03:30,ZONE-B1-F3,B1,3,Engineering Lab,26.01,3.64,0.02,AHU-B13162,AHU,94.3,5.7,R-B1313,0,15,0.0,1,Low,27.9,SECURITY,Low,Review CCTV footage at Server Room entry point,0.0
2026-03-04 03:55,ZONE-B2-F4,B2,4,Open Workspace,66.67,9.33,0.13,GENE-B24163,Generator,85.5,14.5,R-B2414,5,15,33.3,0,Low,46.6,ENERGY,Low,Adjust HVAC setpoints by +2°C during non-peak hours,960.83
2026-03-04 04:20,ZONE-B3-F5,B3,5,Conference Hall,35.81,5.01,0.01,WATE-B35164,Water Pump,76.9,23.1,R-B3515,18,30,60.0,0,Low,45.3,ENERGY,Medium,Adjust HVAC setpoints by +2°C during non-peak hours,2172.69
2026-03-04 04:45,ZONE-B1-F1,B1,1,Server Room,68.08,9.53,0.08,HVAC-B11165,HVAC Unit,75.9,24.1,R-B1101,7,15,46.7,0,Medium,21.3,OCCUPANCY,Low,Stagger cafeteria lunch shifts to prevent density spikes,0.0
2026-03-04 05:10,ZONE-B2-F2,B2,2,Cafeteria,62.05,8.69,0.1,CHIL-B22166,Chiller,94.0,6.0,R-B2202,10,30,33.3,2,Low,50.0,MAINTENANCE,Low,Inspect compressor vibration isolators immediately,1123.95
2026-03-04 05:35,ZONE-B3-F3,B3,3,Research Wing,55.69,7.8,0.34,AHU-B33167,AHU,88.2,11.8,R-B3303,1,15,6.7,0,Low,23.4,ENERGY,Low,Adjust HVAC setpoints by +2°C during non-peak hours,1521.43
2026-03-04 06:00,ZONE-B1-F4,B1,4,Executive Suite,25.47,3.57,0.02,GENE-B14168,Generator,85.8,14.2,R-B1404,2,15,13.3,0,Low,25.1,SECURITY,Low,Lock down restricted laboratory entry door,0.0
2026-03-04 06:25,ZONE-B2-F5,B2,5,Engineering Lab,67.14,9.4,0.07,WATE-B25169,Water Pump,91.2,8.8,R-B2505,5,15,33.3,0,Low,51.9,MAINTENANCE,Medium,Replace worn HVAC air filter cartridges,1418.34
2026-03-04 06:50,ZONE-B3-F1,B3,1,Open Workspace,179.25,25.1,0.92,HVAC-B31170,HVAC Unit,92.6,7.4,R-B3106,4,15,26.7,1,Medium,78.5,ENERGY,High,Inspect chilled water flow valves for leakage,1752.94
2026-03-04 07:15,ZONE-B1-F2,B1,2,Conference Hall,46.54,6.52,0.01,CHIL-B12171,Chiller,84.0,16.0,R-B1207,28,30,93.3,2,Low,63.4,OCCUPANCY,Medium,Stagger cafeteria lunch shifts to prevent density spikes,0.0
2026-03-04 07:40,ZONE-B2-F3,B2,3,Server Room,51.1,7.15,0.2,AHU-B23172,AHU,83.6,16.4,R-B2308,7,15,46.7,2,Low,44.7,OCCUPANCY,Low,Consolidate open desks on Floor 3 to reduce thermal load,0.0
2026-03-04 08:05,ZONE-B3-F4,B3,4,Cafeteria,61.2,8.57,0.02,GENE-B34173,Generator,89.6,10.4,R-B3409,3,30,10.0,1,Low,31.9,OCCUPANCY,Low,Consolidate open desks on Floor 3 to reduce thermal load,0.0
2026-03-04 08:30,ZONE-B1-F5,B1,5,Research Wing,68.91,9.65,0.12,WATE-B15174,Water Pump,78.1,21.9,R-B1510,0,15,0.0,2,Low,25.9,OCCUPANCY,Low,Reallocate team meetings from overcrowded Conference Hall,0.0
2026-03-04 08:55,ZONE-B2-F1,B2,1,Executive Suite,30.28,4.24,0.32,HVAC-B21175,HVAC Unit,87.8,12.2,R-B2111,8,15,53.3,0,Medium,49.6,ENERGY,Low,Adjust HVAC setpoints by +2°C during non-peak hours,2518.64
2026-03-04 09:20,ZONE-B3-F2,B3,2,Engineering Lab,34.02,4.76,0.19,CHIL-B32176,Chiller,80.2,19.8,R-B3212,2,15,13.3,0,Low,20.3,MAINTENANCE,Low,Replace worn HVAC air filter cartridges,719.92
2026-03-04 09:45,ZONE-B1-F3,B1,3,Open Workspace,43.47,6.09,0.27,AHU-B13177,AHU,79.3,20.7,R-B1313,5,15,33.3,2,Low,30.5,SECURITY,Medium,Lock down restricted laboratory entry door,0.0
2026-03-04 10:10,ZONE-B2-F4,B2,4,Conference Hall,51.4,7.2,0.28,GENE-B24178,Generator,77.3,22.7,R-B2414,0,30,0.0,0,Low,52.8,ENERGY,Medium,Implement automated LED dimming schedule,3855.03
2026-03-04 10:35,ZONE-B3-F5,B3,5,Server Room,34.61,4.85,0.09,WATE-B35179,Water Pump,81.2,18.8,R-B3515,10,15,66.7,2,Low,25.9,ENERGY,Medium,Implement automated LED dimming schedule,2613.88
2026-03-04 11:00,ZONE-B1-F1,B1,1,Cafeteria,40.42,5.66,0.2,HVAC-B11180,HVAC Unit,78.7,21.3,R-B1101,11,30,36.7,3,Medium,26.1,SECURITY,Medium,Re-issue temporary visitor clearance passes,0.0
2026-03-04 11:25,ZONE-B2-F2,B2,2,Research Wing,32.91,4.61,0.09,CHIL-B22181,Chiller,79.4,20.6,R-B2202,1,15,6.7,3,Low,49.0,OCCUPANCY,Low,Stagger cafeteria lunch shifts to prevent density spikes,0.0
2026-03-04 11:50,ZONE-B3-F3,B3,3,Executive Suite,49.73,6.96,0.16,AHU-B33182,AHU,74.4,25.6,R-B3303,7,15,46.7,2,Low,45.4,SECURITY,Medium,Review CCTV footage at Server Room entry point,0.0
2026-03-04 12:15,ZONE-B1-F4,B1,4,Engineering Lab,28.73,4.02,0.09,GENE-B14183,Generator,82.5,17.5,R-B1404,7,15,46.7,0,Low,41.1,MAINTENANCE,Low,Inspect compressor vibration isolators immediately,2140.98
2026-03-04 12:40,ZONE-B2-F5,B2,5,Open Workspace,37.47,5.25,0.02,WATE-B25184,Water Pump,40.1,59.9,R-B2505,8,15,53.3,1,Low,76.6,MAINTENANCE,Medium,Inspect compressor vibration isolators immediately,2031.6
2026-03-04 13:05,ZONE-B3-F1,B3,1,Conference Hall,68.16,9.54,0.19,HVAC-B31185,HVAC Unit,79.3,20.7,R-B3106,14,30,46.7,1,Medium,32.4,ENERGY,Low,Implement automated LED dimming schedule,825.47
2026-03-04 13:30,ZONE-B1-F2,B1,2,Server Room,56.72,7.94,0.1,CHIL-B12186,Chiller,95.2,4.8,R-B1207,10,15,66.7,5,Critical,90.2,SECURITY,Critical,Re-issue temporary visitor clearance passes,0.0
2026-03-04 13:55,ZONE-B2-F3,B2,3,Cafeteria,172.21,24.11,0.92,AHU-B23187,AHU,95.8,4.2,R-B2308,13,30,43.3,0,Low,70.8,ENERGY,High,Inspect chilled water flow valves for leakage,565.97
2026-03-04 14:20,ZONE-B3-F4,B3,4,Research Wing,27.61,3.87,0.33,GENE-B34188,Generator,82.8,17.2,R-B3409,6,15,40.0,3,Low,36.6,SECURITY,Low,Flag unverified badge ID attempt for security audit,0.0
2026-03-04 14:45,ZONE-B1-F5,B1,5,Executive Suite,53.46,7.48,0.24,WATE-B15189,Water Pump,85.3,14.7,R-B1510,0,15,0.0,0,Low,21.8,MAINTENANCE,Medium,Inspect compressor vibration isolators immediately,3255.69
2026-03-04 15:10,ZONE-B2-F1,B2,1,Engineering Lab,44.35,6.21,0.12,HVAC-B21190,HVAC Unit,86.7,13.3,R-B2111,14,15,93.3,3,Medium,69.2,OCCUPANCY,Medium,Enable floating desk booking policy for underutilized zones,0.0
2026-03-04 15:35,ZONE-B3-F2,B3,2,Open Workspace,41.45,5.8,0.01,CHIL-B32191,Chiller,80.2,19.8,R-B3212,9,15,60.0,1,Low,38.3,SECURITY,Low,Re-issue temporary visitor clearance passes,0.0
2026-03-04 16:00,ZONE-B1-F3,B1,3,Conference Hall,32.77,4.59,0.06,AHU-B13192,AHU,75.8,24.2,R-B1313,10,30,33.3,3,Low,26.3,MAINTENANCE,Low,Calibrate pressure sensor telemetry on Pump #04,3047.6
2026-03-04 16:25,ZONE-B2-F4,B2,4,Server Room,54.89,7.68,0.04,GENE-B24193,Generator,93.7,6.3,R-B2414,2,15,13.3,0,Low,46.5,MAINTENANCE,Low,Inspect compressor vibration isolators immediately,3603.26
2026-03-04 16:50,ZONE-B3-F5,B3,5,Cafeteria,49.16,6.88,0.03,WATE-B35194,Water Pump,73.6,26.4,R-B3515,15,30,50.0,3,Low,54.1,MAINTENANCE,Low,Inspect compressor vibration isolators immediately,3072.09
2026-03-04 17:15,ZONE-B1-F1,B1,1,Research Wing,59.15,8.28,0.13,HVAC-B11195,HVAC Unit,73.4,26.6,R-B1101,2,15,13.3,2,Medium,28.3,ENERGY,Medium,Implement automated LED dimming schedule,3307.23
2026-03-04 17:40,ZONE-B2-F2,B2,2,Executive Suite,48.09,6.73,0.2,CHIL-B22196,Chiller,89.6,10.4,R-B2202,5,15,33.3,2,Low,50.7,OCCUPANCY,Medium,Enable floating desk booking policy for underutilized zones,0.0
2026-03-04 18:05,ZONE-B3-F3,B3,3,Engineering Lab,50.26,7.04,0.17,AHU-B33197,AHU,78.7,21.3,R-B3303,10,15,66.7,3,Low,37.8,MAINTENANCE,Low,Inspect compressor vibration isolators immediately,3044.25
2026-03-04 18:30,ZONE-B1-F4,B1,4,Open Workspace,58.51,8.19,0.15,GENE-B14198,Generator,88.3,11.7,R-B1404,8,15,53.3,2,Low,20.2,SECURITY,Low,Re-issue temporary visitor clearance passes,0.0
2026-03-04 18:55,ZONE-B2-F5,B2,5,Conference Hall,63.27,8.86,0.22,WATE-B25199,Water Pump,95.9,4.1,R-B2505,1,30,3.3,0,Low,46.5,MAINTENANCE,Medium,Inspect compressor vibration isolators immediately,2447.08
2026-03-04 19:20,ZONE-B3-F1,B3,1,Server Room,41.91,5.87,0.13,HVAC-B31200,HVAC Unit,82.5,17.5,R-B3106,3,15,20.0,1,Medium,32.3,SECURITY,Low,Flag unverified badge ID attempt for security audit,0.0
2026-03-04 19:45,ZONE-B1-F2,B1,2,Cafeteria,51.34,7.19,0.24,CHIL-B12201,Chiller,85.2,14.8,R-B1207,17,30,56.7,1,Low,28.8,ENERGY,Low,Inspect chilled water flow valves for leakage,1062.39
2026-03-04 20:10,ZONE-B2-F3,B2,3,Research Wing,30.38,4.25,0.17,AHU-B23202,AHU,80.1,19.9,R-B2308,0,15,0.0,2,Low,37.7,MAINTENANCE,Low,Replace worn HVAC air filter cartridges,2098.79
2026-03-04 20:35,ZONE-B3-F4,B3,4,Executive Suite,25.11,3.52,0.11,GENE-B34203,Generator,84.0,16.0,R-B3409,6,15,40.0,3,Low,39.6,MAINTENANCE,Medium,Replace worn HVAC air filter cartridges,1230.68
2026-03-04 21:00,ZONE-B1-F5,B1,5,Engineering Lab,169.49,23.73,0.92,WATE-B15204,Water Pump,84.7,15.3,R-B1510,2,15,13.3,2,Low,74.9,ENERGY,High,Inspect chilled water flow valves for leakage,1191.18
2026-03-04 21:25,ZONE-B2-F1,B2,1,Open Workspace,45.97,6.44,0.19,HVAC-B21205,HVAC Unit,96.2,3.8,R-B2111,4,15,26.7,0,Medium,33.4,SECURITY,Low,Lock down restricted laboratory entry door,0.0
2026-03-04 21:50,ZONE-B3-F2,B3,2,Conference Hall,46.47,6.51,0.14,CHIL-B32206,Chiller,93.2,6.8,R-B3212,17,30,56.7,1,Low,37.2,ENERGY,Low,Adjust HVAC setpoints by +2°C during non-peak hours,2295.02
2026-03-04 22:15,ZONE-B1-F3,B1,3,Server Room,58.3,8.16,0.26,AHU-B13207,AHU,33.7,66.3,R-B1313,1,15,6.7,3,Low,73.9,MAINTENANCE,High,Schedule emergency bearing lubrication on Chiller #02,1339.91
2026-03-04 22:40,ZONE-B2-F4,B2,4,Cafeteria,47.64,6.67,0.05,GENE-B24208,Generator,81.2,18.8,R-B2414,14,30,46.7,2,Low,24.4,ENERGY,Low,Inspect chilled water flow valves for leakage,1775.69
2026-03-04 23:05,ZONE-B3-F5,B3,5,Research Wing,54.15,7.58,0.01,WATE-B35209,Water Pump,92.3,7.7,R-B3515,14,15,93.3,3,Low,76.1,OCCUPANCY,Medium,Stagger cafeteria lunch shifts to prevent density spikes,0.0
2026-03-04 23:30,ZONE-B1-F1,B1,1,Executive Suite,48.9,6.85,0.14,HVAC-B11210,HVAC Unit,80.3,19.7,R-B1101,0,15,0.0,0,Medium,43.8,OCCUPANCY,Low,Stagger cafeteria lunch shifts to prevent density spikes,0.0
2026-03-04 23:55,ZONE-B2-F2,B2,2,Engineering Lab,49.49,6.93,0.17,CHIL-B22211,Chiller,96.9,3.1,R-B2202,9,15,60.0,3,Low,34.6,OCCUPANCY,Low,Consolidate open desks on Floor 3 to reduce thermal load,0.0
2026-03-05 00:20,ZONE-B3-F3,B3,3,Open Workspace,36.85,5.16,0.02,AHU-B33212,AHU,78.9,21.1,R-B3303,7,15,46.7,1,Low,40.8,ENERGY,Medium,Inspect chilled water flow valves for leakage,3079.95
2026-03-05 00:45,ZONE-B1-F4,B1,4,Conference Hall,54.84,7.68,0.33,GENE-B14213,Generator,95.9,4.1,R-B1404,6,30,20.0,2,Low,54.7,SECURITY,Low,Review CCTV footage at Server Room entry point,0.0
2026-03-05 01:10,ZONE-B2-F5,B2,5,Server Room,51.78,7.25,0.19,WATE-B25214,Water Pump,80.3,19.7,R-B2505,10,15,66.7,2,Low,48.0,MAINTENANCE,Medium,Replace worn HVAC air filter cartridges,3272.31
2026-03-05 01:35,ZONE-B3-F1,B3,1,Cafeteria,66.39,9.29,0.18,HVAC-B31215,HVAC Unit,86.0,14.0,R-B3106,2,30,6.7,3,Medium,48.9,ENERGY,Low,Inspect chilled water flow valves for leakage,3542.07
2026-03-05 02:00,ZONE-B1-F2,B1,2,Research Wing,26.75,3.75,0.26,CHIL-B12216,Chiller,84.2,15.8,R-B1207,8,15,53.3,1,Low,32.7,OCCUPANCY,Medium,Stagger cafeteria lunch shifts to prevent density spikes,0.0
2026-03-05 02:25,ZONE-B2-F3,B2,3,Executive Suite,34.08,4.77,0.17,AHU-B23217,AHU,73.2,26.8,R-B2308,6,15,40.0,12,High,81.3,SECURITY,High,Re-issue temporary visitor clearance passes,0.0
2026-03-05 02:50,ZONE-B3-F4,B3,4,Engineering Lab,54.27,7.6,0.03,GENE-B34218,Generator,94.3,5.7,R-B3409,5,15,33.3,1,Low,43.9,MAINTENANCE,Medium,Schedule emergency bearing lubrication on Chiller #02,2749.03
2026-03-05 03:15,ZONE-B1-F5,B1,5,Open Workspace,37.55,5.26,0.16,WATE-B15219,Water Pump,81.5,18.5,R-B1510,7,15,46.7,2,Low,48.0,MAINTENANCE,Medium,Calibrate pressure sensor telemetry on Pump #04,1081.87
2026-03-05 03:40,ZONE-B2-F1,B2,1,Conference Hall,29.19,4.09,0.14,HVAC-B21220,HVAC Unit,85.4,14.6,R-B2111,6,30,20.0,0,Medium,41.5,SECURITY,Medium,Re-issue temporary visitor clearance passes,0.0
2026-03-05 04:05,ZONE-B3-F2,B3,2,Server Room,161.1,22.55,0.92,CHIL-B32221,Chiller,79.0,21.0,R-B3212,10,15,66.7,0,Low,76.3,ENERGY,High,Implement automated LED dimming schedule,1897.48
2026-03-05 04:30,ZONE-B1-F3,B1,3,Cafeteria,34.35,4.81,0.11,AHU-B13222,AHU,77.3,22.7,R-B1313,15,30,50.0,2,Low,41.0,SECURITY,Low,Lock down restricted laboratory entry door,0.0
2026-03-05 04:55,ZONE-B2-F4,B2,4,Research Wing,26.68,3.74,0.13,GENE-B24223,Generator,82.3,17.7,R-B2414,6,15,40.0,2,Low,21.2,MAINTENANCE,Medium,Inspect compressor vibration isolators immediately,1956.08
2026-03-05 05:20,ZONE-B3-F5,B3,5,Executive Suite,35.54,4.98,0.22,WATE-B35224,Water Pump,89.5,10.5,R-B3515,3,15,20.0,1,Low,37.1,MAINTENANCE,Low,Inspect compressor vibration isolators immediately,2598.54
2026-03-05 05:45,ZONE-B1-F1,B1,1,Engineering Lab,64.61,9.05,0.13,HVAC-B11225,HVAC Unit,94.5,5.5,R-B1101,4,15,26.7,0,Medium,26.8,ENERGY,Low,Optimize ventilation fan speeds during lunch breaks,4117.76
2026-03-05 06:10,ZONE-B2-F2,B2,2,Open Workspace,40.8,5.71,0.23,CHIL-B22226,Chiller,74.4,25.6,R-B2202,4,15,26.7,2,Low,33.3,OCCUPANCY,Medium,Enable floating desk booking policy for underutilized zones,0.0
2026-03-05 06:35,ZONE-B3-F3,B3,3,Conference Hall,33.77,4.73,0.09,AHU-B33227,AHU,93.1,6.9,R-B3303,9,30,30.0,3,Low,26.7,MAINTENANCE,Medium,Replace worn HVAC air filter cartridges,1186.98
2026-03-05 07:00,ZONE-B1-F4,B1,4,Server Room,63.95,8.95,0.2,GENE-B14228,Generator,73.9,26.1,R-B1404,14,15,93.3,1,Low,74.6,OCCUPANCY,Medium,Stagger cafeteria lunch shifts to prevent density spikes,0.0
2026-03-05 07:25,ZONE-B2-F5,B2,5,Cafeteria,34.9,4.89,0.24,WATE-B25229,Water Pump,83.5,16.5,R-B2505,20,30,66.7,3,Low,45.5,OCCUPANCY,Medium,Enable floating desk booking policy for underutilized zones,0.0
2026-03-05 07:50,ZONE-B3-F1,B3,1,Research Wing,41.19,5.77,0.26,HVAC-B31230,HVAC Unit,38.0,62.0,R-B3106,4,15,26.7,1,Medium,78.9,MAINTENANCE,High,Schedule emergency bearing lubrication on Chiller #02,3035.07
2026-03-05 08:15,ZONE-B1-F2,B1,2,Executive Suite,57.26,8.02,0.06,CHIL-B12231,Chiller,78.9,21.1,R-B1207,0,15,0.0,1,Low,35.6,ENERGY,Medium,Optimize ventilation fan speeds during lunch breaks,3041.21
2026-03-05 08:40,ZONE-B2-F3,B2,3,Engineering Lab,42.87,6.0,0.1,AHU-B23232,AHU,75.4,24.6,R-B2308,4,15,26.7,0,Low,32.6,ENERGY,Low,Adjust HVAC setpoints by +2°C during non-peak hours,898.19
2026-03-05 09:05,ZONE-B3-F4,B3,4,Open Workspace,63.61,8.91,0.31,GENE-B34233,Generator,91.5,8.5,R-B3409,6,15,40.0,2,Low,37.5,OCCUPANCY,Medium,Enable floating desk booking policy for underutilized zones,0.0
2026-03-05 09:30,ZONE-B1-F5,B1,5,Conference Hall,34.22,4.79,0.01,WATE-B15234,Water Pump,96.3,3.7,R-B1510,0,30,0.0,2,Low,36.9,OCCUPANCY,Low,Reallocate team meetings from overcrowded Conference Hall,0.0
2026-03-05 09:55,ZONE-B2-F1,B2,1,Server Room,25.39,3.55,0.04,HVAC-B21235,HVAC Unit,85.9,14.1,R-B2111,10,15,66.7,2,Medium,36.1,OCCUPANCY,Low,Reallocate team meetings from overcrowded Conference Hall,0.0
2026-03-05 10:20,ZONE-B3-F2,B3,2,Cafeteria,36.14,5.06,0.23,CHIL-B32236,Chiller,84.1,15.9,R-B3212,8,30,26.7,1,Low,39.0,ENERGY,Low,Optimize ventilation fan speeds during lunch breaks,3894.23
2026-03-05 10:45,ZONE-B1-F3,B1,3,Research Wing,64.42,9.02,0.13,AHU-B13237,AHU,74.6,25.4,R-B1313,2,15,13.3,2,Low,48.0,OCCUPANCY,Low,Consolidate open desks on Floor 3 to reduce thermal load,0.0
2026-03-05 11:10,ZONE-B2-F4,B2,4,Executive Suite,152.71,21.38,0.92,GENE-B24238,Generator,76.7,23.3,R-B2414,8,15,53.3,2,Low,73.5,ENERGY,High,Inspect chilled water flow valves for leakage,2804.44
2026-03-05 11:35,ZONE-B3-F5,B3,5,Engineering Lab,32.89,4.6,0.07,WATE-B35239,Water Pump,86.6,13.4,R-B3515,2,15,13.3,3,Low,52.8,MAINTENANCE,Low,Inspect compressor vibration isolators immediately,2058.13
2026-03-05 12:00,ZONE-B1-F1,B1,1,Open Workspace,68.99,9.66,0.31,HVAC-B11240,HVAC Unit,80.9,19.1,R-B1101,4,15,26.7,0,Medium,43.8,MAINTENANCE,Medium,Replace worn HVAC air filter cartridges,2343.42
2026-03-05 12:25,ZONE-B2-F2,B2,2,Conference Hall,53.18,7.45,0.22,CHIL-B22241,Chiller,81.0,19.0,R-B2202,15,30,50.0,0,Low,29.9,SECURITY,Medium,Re-issue temporary visitor clearance passes,0.0
2026-03-05 12:50,ZONE-B3-F3,B3,3,Server Room,32.61,4.57,0.08,AHU-B33242,AHU,91.9,8.1,R-B3303,3,15,20.0,2,Low,46.9,ENERGY,Medium,Inspect chilled water flow valves for leakage,2543.8
2026-03-05 13:15,ZONE-B1-F4,B1,4,Cafeteria,35.47,4.97,0.04,GENE-B14243,Generator,75.8,24.2,R-B1404,19,30,63.3,2,Low,53.5,ENERGY,Medium,Adjust HVAC setpoints by +2°C during non-peak hours,3848.05
2026-03-05 13:40,ZONE-B2-F5,B2,5,Research Wing,47.12,6.6,0.3,WATE-B25244,Water Pump,78.6,21.4,R-B2505,6,15,40.0,1,Low,52.7,OCCUPANCY,Medium,Stagger cafeteria lunch shifts to prevent density spikes,0.0
2026-03-05 14:05,ZONE-B3-F1,B3,1,Executive Suite,46.0,6.44,0.0,HVAC-B31245,HVAC Unit,87.0,13.0,R-B3106,6,15,40.0,2,Medium,21.4,MAINTENANCE,Medium,Replace worn HVAC air filter cartridges,1100.04
2026-03-05 14:30,ZONE-B1-F2,B1,2,Engineering Lab,52.08,7.29,0.26,CHIL-B12246,Chiller,81.0,19.0,R-B1207,2,15,13.3,3,Low,49.6,MAINTENANCE,Medium,Calibrate pressure sensor telemetry on Pump #04,1808.64
2026-03-05 14:55,ZONE-B2-F3,B2,3,Open Workspace,40.28,5.64,0.06,AHU-B23247,AHU,96.9,3.1,R-B2308,14,15,93.3,0,Low,72.0,OCCUPANCY,Medium,Consolidate open desks on Floor 3 to reduce thermal load,0.0
2026-03-05 15:20,ZONE-B3-F4,B3,4,Conference Hall,31.9,4.47,0.11,GENE-B34248,Generator,91.3,8.7,R-B3409,7,30,23.3,3,Critical,80.0,SECURITY,Critical,Re-issue temporary visitor clearance passes,0.0
2026-03-05 15:45,ZONE-B1-F5,B1,5,Server Room,47.25,6.62,0.13,WATE-B15249,Water Pump,94.2,5.8,R-B1510,0,15,0.0,2,Low,51.9,OCCUPANCY,Medium,Reallocate team meetings from overcrowded Conference Hall,0.0
2026-03-05 16:10,ZONE-B2-F1,B2,1,Cafeteria,43.39,6.07,0.3,HVAC-B21250,HVAC Unit,92.4,7.6,R-B2111,17,30,56.7,3,Medium,50.5,ENERGY,Medium,Inspect chilled water flow valves for leakage,3000.85
2026-03-05 16:35,ZONE-B3-F2,B3,2,Research Wing,39.6,5.54,0.05,CHIL-B32251,Chiller,75.2,24.8,R-B3212,0,15,0.0,2,Low,53.3,MAINTENANCE,Medium,Replace worn HVAC air filter cartridges,535.26
2026-03-05 17:00,ZONE-B1-F3,B1,3,Executive Suite,39.03,5.46,0.04,AHU-B13252,AHU,75.4,24.6,R-B1313,10,15,66.7,2,Low,44.5,MAINTENANCE,Low,Inspect compressor vibration isolators immediately,3433.04
2026-03-05 17:25,ZONE-B2-F4,B2,4,Engineering Lab,30.82,4.31,0.22,GENE-B24253,Generator,52.4,47.6,R-B2414,9,15,60.0,3,Low,68.0,MAINTENANCE,Medium,Inspect compressor vibration isolators immediately,4216.89
2026-03-05 17:50,ZONE-B3-F5,B3,5,Open Workspace,40.58,5.68,0.1,WATE-B35254,Water Pump,73.3,26.7,R-B3515,4,15,26.7,0,Low,29.9,ENERGY,Medium,Implement automated LED dimming schedule,2812.07
2026-03-05 18:15,ZONE-B1-F1,B1,1,Conference Hall,65.6,9.18,0.92,HVAC-B11255,HVAC Unit,94.2,5.8,R-B1101,19,30,63.3,2,Medium,72.3,ENERGY,Medium,Implement automated LED dimming schedule,647.53
2026-03-05 18:40,ZONE-B2-F2,B2,2,Server Room,52.35,7.33,0.15,CHIL-B22256,Chiller,75.2,24.8,R-B2202,10,15,66.7,2,Low,53.3,MAINTENANCE,Medium,Calibrate pressure sensor telemetry on Pump #04,2530.17
2026-03-05 19:05,ZONE-B3-F3,B3,3,Cafeteria,68.14,9.54,0.08,AHU-B33257,AHU,95.7,4.3,R-B3303,20,30,66.7,1,Low,28.1,ENERGY,Low,Implement automated LED dimming schedule,1508.87
2026-03-05 19:30,ZONE-B1-F4,B1,4,Research Wing,69.97,9.8,0.01,GENE-B14258,Generator,90.0,10.0,R-B1404,9,15,60.0,1,Low,20.8,OCCUPANCY,Low,Enable floating desk booking policy for underutilized zones,0.0
2026-03-05 19:55,ZONE-B2-F5,B2,5,Executive Suite,33.11,4.64,0.29,WATE-B25259,Water Pump,73.2,26.8,R-B2505,6,15,40.0,0,Low,54.5,MAINTENANCE,Low,Inspect compressor vibration isolators immediately,1968.81
2026-03-05 20:20,ZONE-B3-F1,B3,1,Engineering Lab,37.49,5.25,0.04,HVAC-B31260,HVAC Unit,76.4,23.6,R-B3106,1,15,6.7,3,Medium,25.8,SECURITY,Low,Flag unverified badge ID attempt for security audit,0.0
2026-03-05 20:45,ZONE-B1-F2,B1,2,Open Workspace,51.23,7.17,0.23,CHIL-B12261,Chiller,82.8,17.2,R-B1207,0,15,0.0,0,Low,37.5,MAINTENANCE,Low,Schedule emergency bearing lubrication on Chiller #02,3143.92
2026-03-05 21:10,ZONE-B2-F3,B2,3,Conference Hall,47.94,6.71,0.28,AHU-B23262,AHU,77.9,22.1,R-B2308,19,30,63.3,3,Low,51.8,OCCUPANCY,Medium,Stagger cafeteria lunch shifts to prevent density spikes,0.0
2026-03-05 21:35,ZONE-B3-F4,B3,4,Server Room,48.64,6.81,0.03,GENE-B34263,Generator,82.0,18.0,R-B3409,8,15,53.3,2,Low,32.4,SECURITY,Medium,Lock down restricted laboratory entry door,0.0
2026-03-05 22:00,ZONE-B1-F5,B1,5,Cafeteria,48.28,6.76,0.28,WATE-B15264,Water Pump,81.0,19.0,R-B1510,5,30,16.7,1,Low,29.0,OCCUPANCY,Medium,Reallocate team meetings from overcrowded Conference Hall,0.0
2026-03-05 22:25,ZONE-B2-F1,B2,1,Research Wing,46.51,6.51,0.08,HVAC-B21265,HVAC Unit,81.3,18.7,R-B2111,1,15,6.7,3,Medium,54.7,ENERGY,Low,Optimize ventilation fan speeds during lunch breaks,4226.65
2026-03-05 22:50,ZONE-B3-F2,B3,2,Executive Suite,27.1,3.79,0.22,CHIL-B32266,Chiller,87.0,13.0,R-B3212,14,15,93.3,2,Low,69.3,OCCUPANCY,Medium,Consolidate open desks on Floor 3 to reduce thermal load,0.0
2026-03-05 23:15,ZONE-B1-F3,B1,3,Engineering Lab,46.12,6.46,0.1,AHU-B13267,AHU,77.5,22.5,R-B1313,8,15,53.3,3,Low,35.6,OCCUPANCY,Low,Reallocate team meetings from overcrowded Conference Hall,0.0
2026-03-05 23:40,ZONE-B2-F4,B2,4,Open Workspace,60.73,8.5,0.25,GENE-B24268,Generator,85.1,14.9,R-B2414,9,15,60.0,0,Low,28.5,MAINTENANCE,Medium,Schedule emergency bearing lubrication on Chiller #02,1332.34
2026-03-06 00:05,ZONE-B3-F5,B3,5,Conference Hall,56.99,7.98,0.25,WATE-B35269,Water Pump,87.0,13.0,R-B3515,7,30,23.3,3,Low,54.3,SECURITY,Medium,Lock down restricted laboratory entry door,0.0
2026-03-06 00:30,ZONE-B1-F1,B1,1,Server Room,30.91,4.33,0.17,HVAC-B11270,HVAC Unit,74.4,25.6,R-B1101,7,15,46.7,1,Medium,29.7,MAINTENANCE,Medium,Schedule emergency bearing lubrication on Chiller #02,2251.05
2026-03-06 00:55,ZONE-B2-F2,B2,2,Cafeteria,61.83,8.66,0.03,CHIL-B22271,Chiller,94.7,5.3,R-B2202,7,30,23.3,3,Low,27.7,MAINTENANCE,Low,Calibrate pressure sensor telemetry on Pump #04,3516.0
2026-03-06 01:20,ZONE-B3-F3,B3,3,Research Wing,120.48,16.87,0.92,AHU-B33272,AHU,90.2,9.8,R-B3303,1,15,6.7,0,Low,70.2,ENERGY,High,Optimize ventilation fan speeds during lunch breaks,3739.21
2026-03-06 01:45,ZONE-B1-F4,B1,4,Executive Suite,36.51,5.11,0.33,GENE-B14273,Generator,74.9,25.1,R-B1404,7,15,46.7,1,Low,45.7,OCCUPANCY,Medium,Reallocate team meetings from overcrowded Conference Hall,0.0
2026-03-06 02:10,ZONE-B2-F5,B2,5,Engineering Lab,49.37,6.91,0.19,WATE-B25274,Water Pump,78.3,21.7,R-B2505,2,15,13.3,0,Low,29.9,ENERGY,Low,Implement automated LED dimming schedule,1110.22
2026-03-06 02:35,ZONE-B3-F1,B3,1,Open Workspace,43.5,6.09,0.27,HVAC-B31275,HVAC Unit,78.1,21.9,R-B3106,7,15,46.7,1,Medium,25.6,OCCUPANCY,Low,Consolidate open desks on Floor 3 to reduce thermal load,0.0
2026-03-06 03:00,ZONE-B1-F2,B1,2,Conference Hall,37.67,5.27,0.22,CHIL-B12276,Chiller,35.8,64.2,R-B1207,17,30,56.7,3,Low,76.0,MAINTENANCE,High,Replace worn HVAC air filter cartridges,1254.41
2026-03-06 03:25,ZONE-B2-F3,B2,3,Server Room,28.73,4.02,0.03,AHU-B23277,AHU,86.0,14.0,R-B2308,5,15,33.3,3,Low,24.1,OCCUPANCY,Medium,Stagger cafeteria lunch shifts to prevent density spikes,0.0
2026-03-06 03:50,ZONE-B3-F4,B3,4,Cafeteria,32.54,4.56,0.17,GENE-B34278,Generator,90.2,9.8,R-B3409,11,30,36.7,3,Low,49.4,OCCUPANCY,Low,Enable floating desk booking policy for underutilized zones,0.0
2026-03-06 04:15,ZONE-B1-F5,B1,5,Research Wing,52.73,7.38,0.09,WATE-B15279,Water Pump,75.3,24.7,R-B1510,9,15,60.0,12,High,79.6,SECURITY,High,Lock down restricted laboratory entry door,0.0
2026-03-06 04:40,ZONE-B2-F1,B2,1,Executive Suite,28.2,3.95,0.22,HVAC-B21280,HVAC Unit,89.6,10.4,R-B2111,2,15,13.3,3,Medium,52.4,MAINTENANCE,Medium,Replace worn HVAC air filter cartridges,1873.74
2026-03-06 05:05,ZONE-B3-F2,B3,2,Engineering Lab,65.24,9.13,0.14,CHIL-B32281,Chiller,83.6,16.4,R-B3212,8,15,53.3,1,Low,37.5,MAINTENANCE,Medium,Calibrate pressure sensor telemetry on Pump #04,1904.08
2026-03-06 05:30,ZONE-B1-F3,B1,3,Open Workspace,38.43,5.38,0.33,AHU-B13282,AHU,76.0,24.0,R-B1313,2,15,13.3,2,Low,26.9,OCCUPANCY,Medium,Enable floating desk booking policy for underutilized zones,0.0
2026-03-06 05:55,ZONE-B2-F4,B2,4,Conference Hall,25.25,3.54,0.15,GENE-B24283,Generator,81.7,18.3,R-B2414,4,30,13.3,2,Low,28.5,SECURITY,Low,Lock down restricted laboratory entry door,0.0
2026-03-06 06:20,ZONE-B3-F5,B3,5,Server Room,61.81,8.65,0.01,WATE-B35284,Water Pump,85.0,15.0,R-B3515,6,15,40.0,0,Low,52.9,MAINTENANCE,Medium,Schedule emergency bearing lubrication on Chiller #02,920.86
2026-03-06 06:45,ZONE-B1-F1,B1,1,Cafeteria,33.27,4.66,0.05,HVAC-B11285,HVAC Unit,95.3,4.7,R-B1101,28,30,93.3,3,Medium,77.2,OCCUPANCY,Medium,Stagger cafeteria lunch shifts to prevent density spikes,0.0
2026-03-06 07:10,ZONE-B2-F2,B2,2,Research Wing,35.41,4.96,0.17,CHIL-B22286,Chiller,91.7,8.3,R-B2202,0,15,0.0,2,Low,42.4,ENERGY,Medium,Adjust HVAC setpoints by +2°C during non-peak hours,1333.39
2026-03-06 07:35,ZONE-B3-F3,B3,3,Executive Suite,27.24,3.81,0.11,AHU-B33287,AHU,87.7,12.3,R-B3303,7,15,46.7,2,Low,47.9,ENERGY,Low,Implement automated LED dimming schedule,1715.81
2026-03-06 08:00,ZONE-B1-F4,B1,4,Engineering Lab,26.32,3.68,0.12,GENE-B14288,Generator,74.4,25.6,R-B1404,2,15,13.3,0,Low,50.9,ENERGY,Low,Adjust HVAC setpoints by +2°C during non-peak hours,3273.07
2026-03-06 08:25,ZONE-B2-F5,B2,5,Open Workspace,91.76,12.85,0.92,WATE-B25289,Water Pump,87.5,12.5,R-B2505,7,15,46.7,0,Low,70.1,ENERGY,Medium,Optimize ventilation fan speeds during lunch breaks,965.72
2026-03-06 08:50,ZONE-B3-F1,B3,1,Conference Hall,45.99,6.44,0.06,HVAC-B31290,HVAC Unit,94.4,5.6,R-B3106,2,30,6.7,0,Medium,24.3,OCCUPANCY,Medium,Consolidate open desks on Floor 3 to reduce thermal load,0.0
2026-03-06 09:15,ZONE-B1-F2,B1,2,Server Room,44.95,6.29,0.05,CHIL-B12291,Chiller,92.0,8.0,R-B1207,10,15,66.7,2,Low,52.1,OCCUPANCY,Medium,Reallocate team meetings from overcrowded Conference Hall,0.0
2026-03-06 09:40,ZONE-B2-F3,B2,3,Cafeteria,66.66,9.33,0.24,AHU-B23292,AHU,80.6,19.4,R-B2308,11,30,36.7,1,Low,36.9,OCCUPANCY,Low,Stagger cafeteria lunch shifts to prevent density spikes,0.0
2026-03-06 10:05,ZONE-B3-F4,B3,4,Research Wing,48.5,6.79,0.23,GENE-B34293,Generator,75.1,24.9,R-B3409,0,15,0.0,0,Low,42.6,ENERGY,Medium,Adjust HVAC setpoints by +2°C during non-peak hours,800.49
2026-03-06 10:30,ZONE-B1-F5,B1,5,Executive Suite,66.38,9.29,0.34,WATE-B15294,Water Pump,94.6,5.4,R-B1510,6,15,40.0,3,Low,25.2,MAINTENANCE,Medium,Replace worn HVAC air filter cartridges,3415.43
2026-03-06 10:55,ZONE-B2-F1,B2,1,Engineering Lab,35.81,5.01,0.17,HVAC-B21295,HVAC Unit,77.8,22.2,R-B2111,5,15,33.3,2,Medium,51.6,OCCUPANCY,Medium,Reallocate team meetings from overcrowded Conference Hall,0.0
2026-03-06 11:20,ZONE-B3-F2,B3,2,Open Workspace,63.14,8.84,0.06,CHIL-B32296,Chiller,82.1,17.9,R-B3212,0,15,0.0,2,Low,48.2,SECURITY,Medium,Flag unverified badge ID attempt for security audit,0.0
2026-03-06 11:45,ZONE-B1-F3,B1,3,Conference Hall,54.73,7.66,0.15,AHU-B13297,AHU,87.6,12.4,R-B1313,6,30,20.0,0,Low,31.1,OCCUPANCY,Low,Reallocate team meetings from overcrowded Conference Hall,0.0
2026-03-06 12:10,ZONE-B2-F4,B2,4,Server Room,65.16,9.12,0.05,GENE-B24298,Generator,95.0,5.0,R-B2414,5,15,33.3,0,Low,41.2,SECURITY,Medium,Lock down restricted laboratory entry door,0.0
2026-03-06 12:35,ZONE-B3-F5,B3,5,Cafeteria,54.94,7.69,0.29,WATE-B35299,Water Pump,48.4,51.6,R-B3515,14,30,46.7,1,Low,80.6,MAINTENANCE,Medium,Inspect compressor vibration isolators immediately,4243.16
2026-03-06 13:00,ZONE-B1-F1,B1,1,Research Wing,39.21,5.49,0.12,HVAC-B11300,HVAC Unit,78.6,21.4,R-B1101,1,15,6.7,3,Medium,22.8,SECURITY,Medium,Review CCTV footage at Server Room entry point,0.0
2026-03-06 13:25,ZONE-B2-F2,B2,2,Executive Suite,63.74,8.92,0.22,CHIL-B22301,Chiller,80.3,19.7,R-B2202,0,15,0.0,0,Low,46.1,ENERGY,Medium,Implement automated LED dimming schedule,4181.75
2026-03-06 13:50,ZONE-B3-F3,B3,3,Engineering Lab,39.63,5.55,0.17,AHU-B33302,AHU,77.7,22.3,R-B3303,0,15,0.0,0,Low,50.4,MAINTENANCE,Medium,Calibrate pressure sensor telemetry on Pump #04,715.5
2026-03-06 14:15,ZONE-B1-F4,B1,4,Open Workspace,41.89,5.86,0.03,GENE-B14303,Generator,77.2,22.8,R-B1404,10,15,66.7,0,Low,38.1,ENERGY,Low,Implement automated LED dimming schedule,3701.36
2026-03-06 14:40,ZONE-B2-F5,B2,5,Conference Hall,63.22,8.85,0.0,WATE-B25304,Water Pump,93.5,6.5,R-B2505,28,30,93.3,3,Low,66.7,OCCUPANCY,Medium,Enable floating desk booking policy for underutilized zones,0.0
2026-03-06 15:05,ZONE-B3-F1,B3,1,Server Room,62.35,8.73,0.02,HVAC-B31305,HVAC Unit,75.4,24.6,R-B3106,3,15,20.0,0,Medium,54.2,MAINTENANCE,Medium,Inspect compressor vibration isolators immediately,592.79
2026-03-06 15:30,ZONE-B1-F2,B1,2,Cafeteria,96.97,13.58,0.92,CHIL-B12306,Chiller,96.8,3.2,R-B1207,17,30,56.7,1,Low,73.0,ENERGY,Medium,Implement automated LED dimming schedule,3264.66
2026-03-06 15:55,ZONE-B2-F3,B2,3,Research Wing,38.77,5.43,0.04,AHU-B23307,AHU,77.4,22.6,R-B2308,3,15,20.0,0,Low,34.6,MAINTENANCE,Medium,Calibrate pressure sensor telemetry on Pump #04,2132.62
2026-03-06 16:20,ZONE-B3-F4,B3,4,Executive Suite,64.19,8.99,0.16,GENE-B34308,Generator,74.6,25.4,R-B3409,4,15,26.7,3,Low,54.7,ENERGY,Low,Inspect chilled water flow valves for leakage,4193.51
2026-03-06 16:45,ZONE-B1-F5,B1,5,Engineering Lab,36.64,5.13,0.3,WATE-B15309,Water Pump,85.8,14.2,R-B1510,0,15,0.0,2,Low,22.4,MAINTENANCE,Low,Replace worn HVAC air filter cartridges,3813.98
2026-03-06 17:10,ZONE-B2-F1,B2,1,Open Workspace,31.01,4.34,0.03,HVAC-B21310,HVAC Unit,84.7,15.3,R-B2111,8,15,53.3,11,Critical,88.2,SECURITY,Critical,Lock down restricted laboratory entry door,0.0
2026-03-06 17:35,ZONE-B3-F2,B3,2,Conference Hall,64.17,8.98,0.24,CHIL-B32311,Chiller,75.2,24.8,R-B3212,7,30,23.3,1,Low,24.8,ENERGY,Medium,Implement automated LED dimming schedule,2051.01
2026-03-06 18:00,ZONE-B1-F3,B1,3,Server Room,25.88,3.62,0.22,AHU-B13312,AHU,84.6,15.4,R-B1313,8,15,53.3,2,Low,51.5,MAINTENANCE,Low,Schedule emergency bearing lubrication on Chiller #02,1473.04
2026-03-06 18:25,ZONE-B2-F4,B2,4,Cafeteria,45.21,6.33,0.33,GENE-B24313,Generator,92.2,7.8,R-B2414,17,30,56.7,1,Low,29.5,SECURITY,Low,Flag unverified badge ID attempt for security audit,0.0
2026-03-06 18:50,ZONE-B3-F5,B3,5,Research Wing,29.19,4.09,0.27,WATE-B35314,Water Pump,84.8,15.2,R-B3515,0,15,0.0,1,Low,43.2,SECURITY,Low,Re-issue temporary visitor clearance passes,0.0
2026-03-06 19:15,ZONE-B1-F1,B1,1,Executive Suite,36.36,5.09,0.21,HVAC-B11315,HVAC Unit,95.3,4.7,R-B1101,9,15,60.0,3,Medium,36.0,MAINTENANCE,Medium,Schedule emergency bearing lubrication on Chiller #02,4248.37
2026-03-06 19:40,ZONE-B2-F2,B2,2,Engineering Lab,49.43,6.92,0.25,CHIL-B22316,Chiller,83.6,16.4,R-B2202,0,15,0.0,3,Low,44.2,SECURITY,Medium,Re-issue temporary visitor clearance passes,0.0
2026-03-06 20:05,ZONE-B3-F3,B3,3,Open Workspace,50.49,7.07,0.31,AHU-B33317,AHU,76.6,23.4,R-B3303,8,15,53.3,1,Low,47.0,ENERGY,Medium,Implement automated LED dimming schedule,3953.4
2026-03-06 20:30,ZONE-B1-F4,B1,4,Conference Hall,30.24,4.23,0.2,GENE-B14318,Generator,77.2,22.8,R-B1404,13,30,43.3,2,Low,20.1,OCCUPANCY,Low,Stagger cafeteria lunch shifts to prevent density spikes,0.0
2026-03-06 20:55,ZONE-B2-F5,B2,5,Server Room,48.74,6.82,0.0,WATE-B25319,Water Pump,80.7,19.3,R-B2505,0,15,0.0,1,Low,48.3,ENERGY,Low,Inspect chilled water flow valves for leakage,3295.55
2026-03-06 21:20,ZONE-B3-F1,B3,1,Cafeteria,65.65,9.19,0.15,HVAC-B31320,HVAC Unit,86.1,13.9,R-B3106,5,30,16.7,1,Medium,27.9,SECURITY,Medium,Re-issue temporary visitor clearance passes,0.0
2026-03-06 21:45,ZONE-B1-F2,B1,2,Research Wing,38.42,5.38,0.1,CHIL-B12321,Chiller,73.3,26.7,R-B1207,3,15,20.0,3,Low,40.9,ENERGY,Low,Implement automated LED dimming schedule,844.87
2026-03-06 22:10,ZONE-B2-F3,B2,3,Executive Suite,36.88,5.16,0.03,AHU-B23322,AHU,35.8,64.2,R-B2308,6,15,40.0,2,Low,82.7,MAINTENANCE,High,Schedule emergency bearing lubrication on Chiller #02,3663.09
2026-03-06 22:35,ZONE-B3-F4,B3,4,Engineering Lab,149.37,20.91,0.92,GENE-B34323,Generator,91.6,8.4,R-B3409,14,15,93.3,3,Low,94.6,CROSS_DOMAIN,Critical,Priority Action: Restrict off-hours entry to Server Zone with elevated temperature,1929.14
2026-03-06 23:00,ZONE-B1-F5,B1,5,Open Workspace,62.99,8.82,0.32,WATE-B15324,Water Pump,76.7,23.3,R-B1510,2,15,13.3,2,Low,20.4,MAINTENANCE,Low,Replace worn HVAC air filter cartridges,1521.47
2026-03-06 23:25,ZONE-B2-F1,B2,1,Conference Hall,56.72,7.94,0.33,HVAC-B21325,HVAC Unit,74.1,25.9,R-B2111,20,30,66.7,2,Medium,27.6,ENERGY,Medium,Inspect chilled water flow valves for leakage,1607.89
2026-03-06 23:50,ZONE-B3-F2,B3,2,Server Room,39.79,5.57,0.25,CHIL-B32326,Chiller,96.9,3.1,R-B3212,2,15,13.3,1,Low,49.6,SECURITY,Low,Review CCTV footage at Server Room entry point,0.0
2026-03-07 00:15,ZONE-B1-F3,B1,3,Cafeteria,66.89,9.36,0.02,AHU-B13327,AHU,83.9,16.1,R-B1313,2,30,6.7,0,Low,27.6,ENERGY,Medium,Adjust HVAC setpoints by +2°C during non-peak hours,2461.7
2026-03-07 00:40,ZONE-B2-F4,B2,4,Research Wing,68.58,9.6,0.31,GENE-B24328,Generator,92.3,7.7,R-B2414,9,15,60.0,0,Low,40.1,OCCUPANCY,Low,Reallocate team meetings from overcrowded Conference Hall,0.0
2026-03-07 01:05,ZONE-B3-F5,B3,5,Executive Suite,66.2,9.27,0.25,WATE-B35329,Water Pump,75.1,24.9,R-B3515,7,15,46.7,0,Low,38.6,MAINTENANCE,Low,Calibrate pressure sensor telemetry on Pump #04,3929.9
2026-03-07 01:30,ZONE-B1-F1,B1,1,Engineering Lab,31.64,4.43,0.16,HVAC-B11330,HVAC Unit,82.8,17.2,R-B1101,9,15,60.0,2,Medium,46.9,MAINTENANCE,Low,Schedule emergency bearing lubrication on Chiller #02,2057.0
2026-03-07 01:55,ZONE-B2-F2,B2,2,Open Workspace,43.71,6.12,0.25,CHIL-B22331,Chiller,76.8,23.2,R-B2202,7,15,46.7,3,Low,32.7,SECURITY,Low,Re-issue temporary visitor clearance passes,0.0
2026-03-07 02:20,ZONE-B3-F3,B3,3,Conference Hall,45.96,6.43,0.04,AHU-B33332,AHU,80.5,19.5,R-B3303,4,30,13.3,3,Low,45.3,ENERGY,Low,Inspect chilled water flow valves for leakage,2778.97
2026-03-07 02:45,ZONE-B1-F4,B1,4,Server Room,69.79,9.77,0.24,GENE-B14333,Generator,85.3,14.7,R-B1404,4,15,26.7,1,Low,24.7,SECURITY,Low,Flag unverified badge ID attempt for security audit,0.0
2026-03-07 03:10,ZONE-B2-F5,B2,5,Cafeteria,47.23,6.61,0.2,WATE-B25334,Water Pump,79.7,20.3,R-B2505,0,30,0.0,3,Low,40.2,OCCUPANCY,Medium,Enable floating desk booking policy for underutilized zones,0.0
2026-03-07 03:35,ZONE-B3-F1,B3,1,Research Wing,31.45,4.4,0.19,HVAC-B31335,HVAC Unit,74.3,25.7,R-B3106,4,15,26.7,3,Medium,44.2,ENERGY,Medium,Optimize ventilation fan speeds during lunch breaks,2136.36
2026-03-07 04:00,ZONE-B1-F2,B1,2,Executive Suite,30.13,4.22,0.24,CHIL-B12336,Chiller,92.2,7.8,R-B1207,2,15,13.3,0,Low,30.7,MAINTENANCE,Medium,Calibrate pressure sensor telemetry on Pump #04,3924.98
2026-03-07 04:25,ZONE-B2-F3,B2,3,Engineering Lab,32.51,4.55,0.11,AHU-B23337,AHU,94.4,5.6,R-B2308,7,15,46.7,1,Low,30.6,SECURITY,Medium,Flag unverified badge ID attempt for security audit,0.0
2026-03-07 04:50,ZONE-B3-F4,B3,4,Open Workspace,43.54,6.1,0.07,GENE-B34338,Generator,90.0,10.0,R-B3409,4,15,26.7,2,Low,28.1,MAINTENANCE,Medium,Calibrate pressure sensor telemetry on Pump #04,1339.17
2026-03-07 05:15,ZONE-B1-F5,B1,5,Conference Hall,54.14,7.58,0.26,WATE-B15339,Water Pump,96.5,3.5,R-B1510,19,30,63.3,3,Low,28.7,MAINTENANCE,Low,Inspect compressor vibration isolators immediately,2438.28
2026-03-07 05:40,ZONE-B2-F1,B2,1,Server Room,166.24,23.27,0.92,HVAC-B21340,HVAC Unit,81.1,18.9,R-B2111,4,15,26.7,1,Medium,84.4,ENERGY,High,Inspect chilled water flow valves for leakage,1247.56
2026-03-07 06:05,ZONE-B3-F2,B3,2,Cafeteria,52.59,7.36,0.02,CHIL-B32341,Chiller,72.1,27.9,R-B3212,0,30,0.0,8,High,88.8,SECURITY,High,Re-issue temporary visitor clearance passes,0.0
2026-03-07 06:30,ZONE-B1-F3,B1,3,Research Wing,29.19,4.09,0.32,AHU-B13342,AHU,90.5,9.5,R-B1313,14,15,93.3,3,Low,68.2,OCCUPANCY,Medium,Consolidate open desks on Floor 3 to reduce thermal load,0.0
2026-03-07 06:55,ZONE-B2-F4,B2,4,Executive Suite,62.37,8.73,0.28,GENE-B24343,Generator,95.7,4.3,R-B2414,2,15,13.3,3,Low,52.1,OCCUPANCY,Medium,Consolidate open desks on Floor 3 to reduce thermal load,0.0
2026-03-07 07:20,ZONE-B3-F5,B3,5,Engineering Lab,52.78,7.39,0.02,WATE-B35344,Water Pump,92.1,7.9,R-B3515,9,15,60.0,3,Low,29.0,MAINTENANCE,Medium,Inspect compressor vibration isolators immediately,760.1
2026-03-07 07:45,ZONE-B1-F1,B1,1,Open Workspace,44.54,6.24,0.31,HVAC-B11345,HVAC Unit,46.2,53.8,R-B1101,5,15,33.3,1,Medium,76.6,MAINTENANCE,Medium,Schedule emergency bearing lubrication on Chiller #02,2693.81
2026-03-07 08:10,ZONE-B2-F2,B2,2,Conference Hall,37.16,5.2,0.3,CHIL-B22346,Chiller,85.3,14.7,R-B2202,8,30,26.7,3,Low,23.8,ENERGY,Low,Inspect chilled water flow valves for leakage,1872.47
2026-03-07 08:35,ZONE-B3-F3,B3,3,Server Room,34.94,4.89,0.15,AHU-B33347,AHU,91.8,8.2,R-B3303,0,15,0.0,0,Low,24.3,SECURITY,Low,Flag unverified badge ID attempt for security audit,0.0
2026-03-07 09:00,ZONE-B1-F4,B1,4,Cafeteria,29.23,4.09,0.35,GENE-B14348,Generator,86.8,13.2,R-B1404,0,30,0.0,1,Low,21.3,OCCUPANCY,Low,Reallocate team meetings from overcrowded Conference Hall,0.0
2026-03-07 09:25,ZONE-B2-F5,B2,5,Research Wing,28.94,4.05,0.13,WATE-B25349,Water Pump,80.7,19.3,R-B2505,9,15,60.0,0,Low,34.9,MAINTENANCE,Medium,Calibrate pressure sensor telemetry on Pump #04,3603.33
2026-03-07 09:50,ZONE-B3-F1,B3,1,Executive Suite,44.71,6.26,0.21,HVAC-B31350,HVAC Unit,78.8,21.2,R-B3106,6,15,40.0,1,Medium,29.0,MAINTENANCE,Medium,Calibrate pressure sensor telemetry on Pump #04,3798.33
2026-03-07 10:15,ZONE-B1-F2,B1,2,Engineering Lab,34.39,4.81,0.17,CHIL-B12351,Chiller,84.9,15.1,R-B1207,2,15,13.3,2,Low,26.3,SECURITY,Low,Review CCTV footage at Server Room entry point,0.0
2026-03-07 10:40,ZONE-B2-F3,B2,3,Open Workspace,33.55,4.7,0.27,AHU-B23352,AHU,74.4,25.6,R-B2308,8,15,53.3,0,Low,50.8,ENERGY,Low,Optimize ventilation fan speeds during lunch breaks,2918.37
2026-03-07 11:05,ZONE-B3-F4,B3,4,Conference Hall,61.04,8.55,0.03,GENE-B34353,Generator,83.8,16.2,R-B3409,0,30,0.0,3,Low,20.1,OCCUPANCY,Low,Stagger cafeteria lunch shifts to prevent density spikes,0.0
2026-03-07 11:30,ZONE-B1-F5,B1,5,Server Room,50.33,7.05,0.23,WATE-B15354,Water Pump,95.0,5.0,R-B1510,8,15,53.3,3,Low,38.6,SECURITY,Low,Flag unverified badge ID attempt for security audit,0.0
2026-03-07 11:55,ZONE-B2-F1,B2,1,Cafeteria,43.22,6.05,0.03,HVAC-B21355,HVAC Unit,91.8,8.2,R-B2111,9,30,30.0,3,Medium,31.1,OCCUPANCY,Low,Stagger cafeteria lunch shifts to prevent density spikes,0.0
2026-03-07 12:20,ZONE-B3-F2,B3,2,Research Wing,59.19,8.29,0.19,CHIL-B32356,Chiller,76.8,23.2,R-B3212,9,15,60.0,1,Low,39.6,SECURITY,Medium,Re-issue temporary visitor clearance passes,0.0
2026-03-07 12:45,ZONE-B1-F3,B1,3,Executive Suite,115.09,16.11,0.92,AHU-B13357,AHU,81.4,18.6,R-B1313,1,15,6.7,2,Low,80.1,ENERGY,High,Inspect chilled water flow valves for leakage,3666.06
2026-03-07 13:10,ZONE-B2-F4,B2,4,Engineering Lab,56.41,7.9,0.33,GENE-B24358,Generator,82.3,17.7,R-B2414,0,15,0.0,0,Low,26.1,ENERGY,Medium,Inspect chilled water flow valves for leakage,563.4
2026-03-07 13:35,ZONE-B3-F5,B3,5,Open Workspace,57.15,8.0,0.04,WATE-B35359,Water Pump,86.0,14.0,R-B3515,4,15,26.7,3,Low,23.2,MAINTENANCE,Medium,Calibrate pressure sensor telemetry on Pump #04,1958.15
2026-03-07 14:00,ZONE-B1-F1,B1,1,Conference Hall,53.77,7.53,0.04,HVAC-B11360,HVAC Unit,84.7,15.3,R-B1101,6,30,20.0,2,Medium,50.4,SECURITY,Medium,Re-issue temporary visitor clearance passes,0.0
2026-03-07 14:25,ZONE-B2-F2,B2,2,Server Room,47.98,6.72,0.16,CHIL-B22361,Chiller,94.1,5.9,R-B2202,14,15,93.3,0,Low,64.7,OCCUPANCY,Medium,Stagger cafeteria lunch shifts to prevent density spikes,0.0
2026-03-07 14:50,ZONE-B3-F3,B3,3,Cafeteria,54.96,7.69,0.33,AHU-B33362,AHU,87.0,13.0,R-B3303,4,30,13.3,3,Low,26.4,ENERGY,Medium,Implement automated LED dimming schedule,2589.65
2026-03-07 15:15,ZONE-B1-F4,B1,4,Research Wing,35.38,4.95,0.29,GENE-B14363,Generator,77.3,22.7,R-B1404,7,15,46.7,2,Low,40.0,SECURITY,Medium,Re-issue temporary visitor clearance passes,0.0
2026-03-07 15:40,ZONE-B2-F5,B2,5,Executive Suite,69.01,9.66,0.03,WATE-B25364,Water Pump,93.2,6.8,R-B2505,9,15,60.0,1,Low,53.3,OCCUPANCY,Low,Reallocate team meetings from overcrowded Conference Hall,0.0
2026-03-07 16:05,ZONE-B3-F1,B3,1,Engineering Lab,53.43,7.48,0.27,HVAC-B31365,HVAC Unit,74.9,25.1,R-B3106,2,15,13.3,3,Medium,42.8,OCCUPANCY,Medium,Enable floating desk booking policy for underutilized zones,0.0
2026-03-07 16:30,ZONE-B1-F2,B1,2,Open Workspace,56.17,7.86,0.1,CHIL-B12366,Chiller,75.6,24.4,R-B1207,4,15,26.7,0,Low,40.0,SECURITY,Medium,Flag unverified badge ID attempt for security audit,0.0
2026-03-07 16:55,ZONE-B2-F3,B2,3,Conference Hall,50.1,7.01,0.17,AHU-B23367,AHU,88.4,11.6,R-B2308,2,30,6.7,0,Low,33.7,SECURITY,Low,Re-issue temporary visitor clearance passes,0.0
2026-03-07 17:20,ZONE-B3-F4,B3,4,Server Room,46.19,6.47,0.04,GENE-B34368,Generator,32.2,67.8,R-B3409,0,15,0.0,0,Low,84.2,MAINTENANCE,High,Calibrate pressure sensor telemetry on Pump #04,2143.34
2026-03-07 17:45,ZONE-B1-F5,B1,5,Cafeteria,55.82,7.81,0.17,WATE-B15369,Water Pump,95.7,4.3,R-B1510,18,30,60.0,2,Low,39.2,OCCUPANCY,Low,Stagger cafeteria lunch shifts to prevent density spikes,0.0
2026-03-07 18:10,ZONE-B2-F1,B2,1,Research Wing,33.04,4.63,0.24,HVAC-B21370,HVAC Unit,90.1,9.9,R-B2111,10,15,66.7,3,Medium,30.9,ENERGY,Medium,Implement automated LED dimming schedule,1176.51
2026-03-07 18:35,ZONE-B3-F2,B3,2,Executive Suite,39.02,5.46,0.18,CHIL-B32371,Chiller,78.6,21.4,R-B3212,8,15,53.3,0,Low,39.7,ENERGY,Low,Adjust HVAC setpoints by +2°C during non-peak hours,3882.98
2026-03-07 19:00,ZONE-B1-F3,B1,3,Engineering Lab,25.45,3.56,0.09,AHU-B13372,AHU,75.2,24.8,R-B1313,5,15,33.3,4,Critical,92.9,SECURITY,Critical,Lock down restricted laboratory entry door,0.0
2026-03-07 19:25,ZONE-B2-F4,B2,4,Open Workspace,44.89,6.28,0.01,GENE-B24373,Generator,81.1,18.9,R-B2414,8,15,53.3,2,Low,40.1,SECURITY,Low,Lock down restricted laboratory entry door,0.0
2026-03-07 19:50,ZONE-B3-F5,B3,5,Conference Hall,115.65,16.19,0.92,WATE-B35374,Water Pump,86.1,13.9,R-B3515,2,30,6.7,3,Low,78.0,ENERGY,High,Inspect chilled water flow valves for leakage,1930.13
2026-03-07 20:15,ZONE-B1-F1,B1,1,Server Room,62.39,8.73,0.05,HVAC-B11375,HVAC Unit,75.9,24.1,R-B1101,0,15,0.0,3,Medium,29.6,OCCUPANCY,Medium,Reallocate team meetings from overcrowded Conference Hall,0.0
2026-03-07 20:40,ZONE-B2-F2,B2,2,Cafeteria,52.94,7.41,0.14,CHIL-B22376,Chiller,90.4,9.6,R-B2202,9,30,30.0,0,Low,39.5,OCCUPANCY,Medium,Enable floating desk booking policy for underutilized zones,0.0
2026-03-07 21:05,ZONE-B3-F3,B3,3,Research Wing,59.27,8.3,0.08,AHU-B33377,AHU,75.5,24.5,R-B3303,1,15,6.7,0,Low,33.7,SECURITY,Low,Review CCTV footage at Server Room entry point,0.0
2026-03-07 21:30,ZONE-B1-F4,B1,4,Executive Suite,34.29,4.8,0.05,GENE-B14378,Generator,72.0,28.0,R-B1404,5,15,33.3,0,Low,29.1,SECURITY,Low,Lock down restricted laboratory entry door,0.0
2026-03-07 21:55,ZONE-B2-F5,B2,5,Engineering Lab,51.16,7.16,0.32,WATE-B25379,Water Pump,87.9,12.1,R-B2505,1,15,6.7,1,Low,39.2,MAINTENANCE,Medium,Replace worn HVAC air filter cartridges,1529.15
2026-03-07 22:20,ZONE-B3-F1,B3,1,Open Workspace,50.67,7.09,0.27,HVAC-B31380,HVAC Unit,94.3,5.7,R-B3106,14,15,93.3,0,Medium,73.0,OCCUPANCY,Medium,Reallocate team meetings from overcrowded Conference Hall,0.0
2026-03-07 22:45,ZONE-B1-F2,B1,2,Conference Hall,55.12,7.72,0.05,CHIL-B12381,Chiller,95.8,4.2,R-B1207,0,30,0.0,2,Low,49.8,OCCUPANCY,Medium,Reallocate team meetings from overcrowded Conference Hall,0.0
2026-03-07 23:10,ZONE-B2-F3,B2,3,Server Room,32.4,4.54,0.21,AHU-B23382,AHU,94.9,5.1,R-B2308,6,15,40.0,3,Low,44.1,ENERGY,Medium,Adjust HVAC setpoints by +2°C during non-peak hours,3682.62
2026-03-07 23:35,ZONE-B3-F4,B3,4,Cafeteria,36.79,5.15,0.04,GENE-B34383,Generator,79.1,20.9,R-B3409,1,30,3.3,0,Low,30.1,ENERGY,Low,Optimize ventilation fan speeds during lunch breaks,2924.33
2026-03-08 00:00,ZONE-B1-F5,B1,5,Research Wing,68.74,9.62,0.15,WATE-B15384,Water Pump,91.0,9.0,R-B1510,7,15,46.7,3,Low,37.3,MAINTENANCE,Low,Calibrate pressure sensor telemetry on Pump #04,619.42
2026-03-08 00:25,ZONE-B2-F1,B2,1,Executive Suite,52.25,7.32,0.27,HVAC-B21385,HVAC Unit,82.7,17.3,R-B2111,1,15,6.7,0,Medium,50.9,OCCUPANCY,Low,Reallocate team meetings from overcrowded Conference Hall,0.0
2026-03-08 00:50,ZONE-B3-F2,B3,2,Engineering Lab,64.64,9.05,0.02,CHIL-B32386,Chiller,87.2,12.8,R-B3212,7,15,46.7,1,Low,30.2,MAINTENANCE,Low,Calibrate pressure sensor telemetry on Pump #04,2990.33
2026-03-08 01:15,ZONE-B1-F3,B1,3,Open Workspace,62.36,8.73,0.16,AHU-B13387,AHU,85.7,14.3,R-B1313,6,15,40.0,0,Low,20.5,MAINTENANCE,Low,Replace worn HVAC air filter cartridges,2312.85
2026-03-08 01:40,ZONE-B2-F4,B2,4,Conference Hall,29.19,4.09,0.07,GENE-B24388,Generator,74.3,25.7,R-B2414,1,30,3.3,1,Low,39.6,SECURITY,Low,Re-issue temporary visitor clearance passes,0.0
2026-03-08 02:05,ZONE-B3-F5,B3,5,Server Room,47.29,6.62,0.18,WATE-B35389,Water Pump,86.1,13.9,R-B3515,1,15,6.7,0,Low,36.0,OCCUPANCY,Medium,Stagger cafeteria lunch shifts to prevent density spikes,0.0
2026-03-08 02:30,ZONE-B1-F1,B1,1,Cafeteria,48.61,6.81,0.33,HVAC-B11390,HVAC Unit,86.7,13.3,R-B1101,0,30,0.0,1,Medium,36.9,ENERGY,Medium,Implement automated LED dimming schedule,1216.36
2026-03-08 02:55,ZONE-B2-F2,B2,2,Research Wing,180.89,25.32,0.92,CHIL-B22391,Chiller,44.4,55.6,R-B2202,8,15,53.3,2,Low,81.7,ENERGY,High,Inspect chilled water flow valves for leakage,1496.86
2026-03-08 03:20,ZONE-B3-F3,B3,3,Executive Suite,32.71,4.58,0.27,AHU-B33392,AHU,79.1,20.9,R-B3303,2,15,13.3,3,Low,53.1,OCCUPANCY,Low,Enable floating desk booking policy for underutilized zones,0.0
2026-03-08 03:45,ZONE-B1-F4,B1,4,Engineering Lab,46.41,6.5,0.28,GENE-B14393,Generator,83.1,16.9,R-B1404,6,15,40.0,2,Low,37.6,ENERGY,Medium,Optimize ventilation fan speeds during lunch breaks,3289.91
2026-03-08 04:10,ZONE-B2-F5,B2,5,Open Workspace,60.97,8.54,0.09,WATE-B25394,Water Pump,93.7,6.3,R-B2505,1,15,6.7,2,Low,24.5,ENERGY,Medium,Implement automated LED dimming schedule,659.93
2026-03-08 04:35,ZONE-B3-F1,B3,1,Conference Hall,60.76,8.51,0.18,HVAC-B31395,HVAC Unit,81.7,18.3,R-B3106,2,30,6.7,2,Medium,23.5,MAINTENANCE,Low,Schedule emergency bearing lubrication on Chiller #02,3138.45
2026-03-08 05:00,ZONE-B1-F2,B1,2,Server Room,54.8,7.67,0.1,CHIL-B12396,Chiller,91.9,8.1,R-B1207,1,15,6.7,3,Low,35.5,SECURITY,Medium,Lock down restricted laboratory entry door,0.0
2026-03-08 05:25,ZONE-B2-F3,B2,3,Cafeteria,59.04,8.27,0.09,AHU-B23397,AHU,85.0,15.0,R-B2308,4,30,13.3,1,Low,46.5,ENERGY,Medium,Inspect chilled water flow valves for leakage,690.02
2026-03-08 05:50,ZONE-B3-F4,B3,4,Research Wing,35.72,5.0,0.02,GENE-B34398,Generator,77.5,22.5,R-B3409,6,15,40.0,3,Low,35.6,MAINTENANCE,Medium,Calibrate pressure sensor telemetry on Pump #04,2809.08
2026-03-08 06:15,ZONE-B1-F5,B1,5,Executive Suite,57.88,8.1,0.33,WATE-B15399,Water Pump,96.1,3.9,R-B1510,14,15,93.3,1,Low,73.9,OCCUPANCY,Medium,Reallocate team meetings from overcrowded Conference Hall,0.0
2026-03-08 06:40,ZONE-B2-F1,B2,1,Engineering Lab,43.38,6.07,0.2,HVAC-B21400,HVAC Unit,90.5,9.5,R-B2111,9,15,60.0,0,Medium,49.3,MAINTENANCE,Low,Schedule emergency bearing lubrication on Chiller #02,2667.5
2026-03-08 07:05,ZONE-B3-F2,B3,2,Open Workspace,52.07,7.29,0.06,CHIL-B32401,Chiller,78.5,21.5,R-B3212,5,15,33.3,2,Low,47.3,OCCUPANCY,Medium,Consolidate open desks on Floor 3 to reduce thermal load,0.0
2026-03-08 07:30,ZONE-B1-F3,B1,3,Conference Hall,33.24,4.65,0.0,AHU-B13402,AHU,96.0,4.0,R-B1313,7,30,23.3,1,Low,39.3,OCCUPANCY,Low,Stagger cafeteria lunch shifts to prevent density spikes,0.0
2026-03-08 07:55,ZONE-B2-F4,B2,4,Server Room,58.6,8.2,0.28,GENE-B24403,Generator,92.0,8.0,R-B2414,8,15,53.3,12,High,86.0,SECURITY,High,Re-issue temporary visitor clearance passes,0.0
2026-03-08 08:20,ZONE-B3-F5,B3,5,Cafeteria,28.49,3.99,0.04,WATE-B35404,Water Pump,90.9,9.1,R-B3515,9,30,30.0,3,Low,33.4,SECURITY,Low,Lock down restricted laboratory entry door,0.0
2026-03-08 08:45,ZONE-B1-F1,B1,1,Research Wing,58.58,8.2,0.27,HVAC-B11405,HVAC Unit,88.1,11.9,R-B1101,3,15,20.0,1,Medium,36.8,MAINTENANCE,Medium,Schedule emergency bearing lubrication on Chiller #02,3565.29
2026-03-08 09:10,ZONE-B2-F2,B2,2,Executive Suite,30.35,4.25,0.02,CHIL-B22406,Chiller,75.3,24.7,R-B2202,5,15,33.3,2,Low,44.9,SECURITY,Medium,Review CCTV footage at Server Room entry point,0.0
2026-03-08 09:35,ZONE-B3-F3,B3,3,Engineering Lab,34.76,4.87,0.11,AHU-B33407,AHU,94.2,5.8,R-B3303,10,15,66.7,3,Low,40.8,OCCUPANCY,Medium,Enable floating desk booking policy for underutilized zones,0.0
2026-03-08 10:00,ZONE-B1-F4,B1,4,Open Workspace,112.89,15.8,0.92,GENE-B14408,Generator,76.5,23.5,R-B1404,1,15,6.7,1,Low,84.6,ENERGY,High,Inspect chilled water flow valves for leakage,1867.48
2026-03-08 10:25,ZONE-B2-F5,B2,5,Conference Hall,68.95,9.65,0.09,WATE-B25409,Water Pump,93.3,6.7,R-B2505,3,30,10.0,3,Low,29.3,OCCUPANCY,Medium,Enable floating desk booking policy for underutilized zones,0.0
2026-03-08 10:50,ZONE-B3-F1,B3,1,Server Room,46.94,6.57,0.21,HVAC-B31410,HVAC Unit,78.7,21.3,R-B3106,8,15,53.3,3,Medium,32.1,MAINTENANCE,Medium,Replace worn HVAC air filter cartridges,2432.11
2026-03-08 11:15,ZONE-B1-F2,B1,2,Cafeteria,64.16,8.98,0.25,CHIL-B12411,Chiller,88.2,11.8,R-B1207,6,30,20.0,1,Low,30.6,OCCUPANCY,Low,Enable floating desk booking policy for underutilized zones,0.0
2026-03-08 11:40,ZONE-B2-F3,B2,3,Research Wing,66.24,9.27,0.32,AHU-B23412,AHU,74.1,25.9,R-B2308,5,15,33.3,3,Low,48.9,OCCUPANCY,Medium,Reallocate team meetings from overcrowded Conference Hall,0.0
2026-03-08 12:05,ZONE-B3-F4,B3,4,Executive Suite,30.98,4.34,0.07,GENE-B34413,Generator,82.5,17.5,R-B3409,4,15,26.7,2,Low,53.5,SECURITY,Low,Re-issue temporary visitor clearance passes,0.0
2026-03-08 12:30,ZONE-B1-F5,B1,5,Engineering Lab,35.81,5.01,0.16,WATE-B15414,Water Pump,39.0,61.0,R-B1510,0,15,0.0,2,Low,82.0,MAINTENANCE,High,Schedule emergency bearing lubrication on Chiller #02,3941.82
2026-03-08 12:55,ZONE-B2-F1,B2,1,Open Workspace,51.54,7.22,0.06,HVAC-B21415,HVAC Unit,77.5,22.5,R-B2111,1,15,6.7,1,Medium,49.2,MAINTENANCE,Low,Calibrate pressure sensor telemetry on Pump #04,816.36
2026-03-08 13:20,ZONE-B3-F2,B3,2,Conference Hall,62.98,8.82,0.18,CHIL-B32416,Chiller,81.3,18.7,R-B3212,12,30,40.0,1,Low,51.6,OCCUPANCY,Low,Reallocate team meetings from overcrowded Conference Hall,0.0
2026-03-08 13:45,ZONE-B1-F3,B1,3,Server Room,35.58,4.98,0.34,AHU-B13417,AHU,83.7,16.3,R-B1313,5,15,33.3,3,Low,53.4,SECURITY,Medium,Review CCTV footage at Server Room entry point,0.0
2026-03-08 14:10,ZONE-B2-F4,B2,4,Cafeteria,36.34,5.09,0.2,GENE-B24418,Generator,82.4,17.6,R-B2414,28,30,93.3,1,Low,63.0,OCCUPANCY,Medium,Enable floating desk booking policy for underutilized zones,0.0
2026-03-08 14:35,ZONE-B3-F5,B3,5,Research Wing,61.9,8.67,0.28,WATE-B35419,Water Pump,87.6,12.4,R-B3515,3,15,20.0,0,Low,36.2,SECURITY,Medium,Flag unverified badge ID attempt for security audit,0.0
2026-03-08 15:00,ZONE-B1-F1,B1,1,Executive Suite,45.15,6.32,0.04,HVAC-B11420,HVAC Unit,72.6,27.4,R-B1101,8,15,53.3,2,Medium,39.6,OCCUPANCY,Low,Enable floating desk booking policy for underutilized zones,0.0
2026-03-08 15:25,ZONE-B2-F2,B2,2,Engineering Lab,32.1,4.49,0.09,CHIL-B22421,Chiller,73.2,26.8,R-B2202,2,15,13.3,1,Low,26.6,OCCUPANCY,Low,Stagger cafeteria lunch shifts to prevent density spikes,0.0
2026-03-08 15:50,ZONE-B3-F3,B3,3,Open Workspace,48.82,6.83,0.29,AHU-B33422,AHU,91.3,8.7,R-B3303,7,15,46.7,1,Low,51.8,MAINTENANCE,Low,Schedule emergency bearing lubrication on Chiller #02,945.95
2026-03-08 16:15,ZONE-B1-F4,B1,4,Conference Hall,58.61,8.21,0.35,GENE-B14423,Generator,82.9,17.1,R-B1404,18,30,60.0,3,Low,52.6,ENERGY,Low,Implement automated LED dimming schedule,3426.13
2026-03-08 16:40,ZONE-B2-F5,B2,5,Server Room,33.75,4.73,0.05,WATE-B25424,Water Pump,85.8,14.2,R-B2505,4,15,26.7,2,Low,46.0,ENERGY,Low,Optimize ventilation fan speeds during lunch breaks,792.93
2026-03-08 17:05,ZONE-B3-F1,B3,1,Cafeteria,79.48,11.13,0.92,HVAC-B31425,HVAC Unit,87.9,12.1,R-B3106,2,30,6.7,2,Medium,71.1,ENERGY,Medium,Implement automated LED dimming schedule,3347.0
2026-03-08 17:30,ZONE-B1-F2,B1,2,Research Wing,34.17,4.78,0.02,CHIL-B12426,Chiller,82.7,17.3,R-B1207,10,15,66.7,3,Low,20.4,MAINTENANCE,Low,Schedule emergency bearing lubrication on Chiller #02,2542.78
2026-03-08 17:55,ZONE-B2-F3,B2,3,Executive Suite,67.23,9.41,0.11,AHU-B23427,AHU,87.6,12.4,R-B2308,3,15,20.0,2,Low,30.6,ENERGY,Low,Implement automated LED dimming schedule,3533.18
2026-03-08 18:20,ZONE-B3-F4,B3,4,Engineering Lab,52.49,7.35,0.15,GENE-B34428,Generator,83.5,16.5,R-B3409,8,15,53.3,2,Low,36.0,MAINTENANCE,Low,Replace worn HVAC air filter cartridges,2000.28
2026-03-08 18:45,ZONE-B1-F5,B1,5,Open Workspace,54.23,7.59,0.19,WATE-B15429,Water Pump,92.1,7.9,R-B1510,2,15,13.3,1,Low,30.1,SECURITY,Medium,Lock down restricted laboratory entry door,0.0
2026-03-08 19:10,ZONE-B2-F1,B2,1,Conference Hall,38.63,5.41,0.12,HVAC-B21430,HVAC Unit,73.1,26.9,R-B2111,16,30,53.3,1,Medium,35.5,OCCUPANCY,Medium,Enable floating desk booking policy for underutilized zones,0.0
2026-03-08 19:35,ZONE-B3-F2,B3,2,Server Room,33.96,4.75,0.31,CHIL-B32431,Chiller,72.6,27.4,R-B3212,5,15,33.3,3,Low,23.0,MAINTENANCE,Medium,Calibrate pressure sensor telemetry on Pump #04,2945.04
2026-03-08 20:00,ZONE-B1-F3,B1,3,Cafeteria,43.04,6.03,0.17,AHU-B13432,AHU,84.1,15.9,R-B1313,15,30,50.0,3,Low,43.0,SECURITY,Low,Review CCTV footage at Server Room entry point,0.0
2026-03-08 20:25,ZONE-B2-F4,B2,4,Research Wing,64.33,9.01,0.25,GENE-B24433,Generator,88.4,11.6,R-B2414,1,15,6.7,0,Low,44.1,SECURITY,Medium,Re-issue temporary visitor clearance passes,0.0
2026-03-08 20:50,ZONE-B3-F5,B3,5,Executive Suite,34.4,4.82,0.21,WATE-B35434,Water Pump,74.3,25.7,R-B3515,3,15,20.0,3,Critical,87.1,SECURITY,Critical,Lock down restricted laboratory entry door,0.0
2026-03-08 21:15,ZONE-B1-F1,B1,1,Engineering Lab,69.04,9.67,0.3,HVAC-B11435,HVAC Unit,82.7,17.3,R-B1101,9,15,60.0,0,Medium,39.2,MAINTENANCE,Low,Replace worn HVAC air filter cartridges,1169.19
2026-03-08 21:40,ZONE-B2-F2,B2,2,Open Workspace,48.71,6.82,0.03,CHIL-B22436,Chiller,93.7,6.3,R-B2202,2,15,13.3,2,Low,43.8,MAINTENANCE,Low,Calibrate pressure sensor telemetry on Pump #04,3135.56
2026-03-08 22:05,ZONE-B3-F3,B3,3,Conference Hall,38.11,5.34,0.17,AHU-B33437,AHU,36.5,63.5,R-B3303,28,30,93.3,1,Low,73.7,MAINTENANCE,High,Inspect compressor vibration isolators immediately,2415.66
2026-03-08 22:30,ZONE-B1-F4,B1,4,Server Room,65.19,9.13,0.22,GENE-B14438,Generator,95.8,4.2,R-B1404,7,15,46.7,1,Low,24.5,OCCUPANCY,Low,Reallocate team meetings from overcrowded Conference Hall,0.0
2026-03-08 22:55,ZONE-B2-F5,B2,5,Cafeteria,63.46,8.88,0.08,WATE-B25439,Water Pump,75.1,24.9,R-B2505,3,30,10.0,1,Low,37.4,MAINTENANCE,Medium,Replace worn HVAC air filter cartridges,2207.58
2026-03-08 23:20,ZONE-B3-F1,B3,1,Research Wing,52.06,7.29,0.18,HVAC-B31440,HVAC Unit,89.1,10.9,R-B3106,7,15,46.7,1,Medium,34.5,ENERGY,Low,Implement automated LED dimming schedule,3210.85
2026-03-08 23:45,ZONE-B1-F2,B1,2,Executive Suite,31.81,4.45,0.35,CHIL-B12441,Chiller,81.6,18.4,R-B1207,0,15,0.0,3,Low,40.7,SECURITY,Low,Lock down restricted laboratory entry door,0.0
2026-03-09 00:10,ZONE-B2-F3,B2,3,Engineering Lab,161.7,22.64,0.92,AHU-B23442,AHU,82.2,17.8,R-B2308,0,15,0.0,1,Low,71.5,ENERGY,High,Optimize ventilation fan speeds during lunch breaks,1137.82
2026-03-09 00:35,ZONE-B3-F4,B3,4,Open Workspace,37.74,5.28,0.28,GENE-B34443,Generator,88.9,11.1,R-B3409,9,15,60.0,1,Low,54.9,OCCUPANCY,Medium,Enable floating desk booking policy for underutilized zones,0.0
2026-03-09 01:00,ZONE-B1-F5,B1,5,Conference Hall,65.8,9.21,0.24,WATE-B15444,Water Pump,85.1,14.9,R-B1510,7,30,23.3,3,Low,38.9,SECURITY,Medium,Review CCTV footage at Server Room entry point,0.0
2026-03-09 01:25,ZONE-B2-F1,B2,1,Server Room,44.14,6.18,0.3,HVAC-B21445,HVAC Unit,72.5,27.5,R-B2111,9,15,60.0,0,Medium,49.5,OCCUPANCY,Medium,Consolidate open desks on Floor 3 to reduce thermal load,0.0
2026-03-09 01:50,ZONE-B3-F2,B3,2,Cafeteria,41.56,5.82,0.13,CHIL-B32446,Chiller,73.0,27.0,R-B3212,3,30,10.0,1,Low,37.7,SECURITY,Low,Re-issue temporary visitor clearance passes,0.0
2026-03-09 02:15,ZONE-B1-F3,B1,3,Research Wing,45.36,6.35,0.12,AHU-B13447,AHU,94.6,5.4,R-B1313,5,15,33.3,0,Low,48.4,SECURITY,Low,Review CCTV footage at Server Room entry point,0.0
2026-03-09 02:40,ZONE-B2-F4,B2,4,Executive Suite,54.13,7.58,0.06,GENE-B24448,Generator,86.1,13.9,R-B2414,4,15,26.7,3,Low,23.3,MAINTENANCE,Medium,Inspect compressor vibration isolators immediately,3967.29
2026-03-09 03:05,ZONE-B3-F5,B3,5,Engineering Lab,49.5,6.93,0.29,WATE-B35449,Water Pump,73.3,26.7,R-B3515,3,15,20.0,3,Low,21.7,SECURITY,Medium,Flag unverified badge ID attempt for security audit,0.0
2026-03-09 03:30,ZONE-B1-F1,B1,1,Open Workspace,58.27,8.16,0.04,HVAC-B11450,HVAC Unit,97.0,3.0,R-B1101,0,15,0.0,3,Medium,28.8,ENERGY,Low,Adjust HVAC setpoints by +2°C during non-peak hours,2140.34
2026-03-09 03:55,ZONE-B2-F2,B2,2,Conference Hall,36.85,5.16,0.34,CHIL-B22451,Chiller,83.5,16.5,R-B2202,6,30,20.0,2,Low,30.0,MAINTENANCE,Medium,Inspect compressor vibration isolators immediately,1355.12
2026-03-09 04:20,ZONE-B3-F3,B3,3,Server Room,61.57,8.62,0.09,AHU-B33452,AHU,78.1,21.9,R-B3303,4,15,26.7,3,Low,51.0,OCCUPANCY,Low,Stagger cafeteria lunch shifts to prevent density spikes,0.0
2026-03-09 04:45,ZONE-B1-F4,B1,4,Cafeteria,50.25,7.04,0.35,GENE-B14453,Generator,78.0,22.0,R-B1404,16,30,53.3,3,Low,52.8,ENERGY,Medium,Implement automated LED dimming schedule,2189.35
2026-03-09 05:10,ZONE-B2-F5,B2,5,Research Wing,63.73,8.92,0.27,WATE-B25454,Water Pump,93.1,6.9,R-B2505,2,15,13.3,2,Low,40.4,MAINTENANCE,Medium,Schedule emergency bearing lubrication on Chiller #02,2575.07
2026-03-09 05:35,ZONE-B3-F1,B3,1,Executive Suite,42.82,5.99,0.22,HVAC-B31455,HVAC Unit,88.7,11.3,R-B3106,0,15,0.0,0,Medium,49.5,ENERGY,Low,Adjust HVAC setpoints by +2°C during non-peak hours,3108.27
2026-03-09 06:00,ZONE-B1-F2,B1,2,Engineering Lab,25.02,3.5,0.0,CHIL-B12456,Chiller,77.2,22.8,R-B1207,14,15,93.3,2,Low,74.0,OCCUPANCY,Medium,Consolidate open desks on Floor 3 to reduce thermal load,0.0
2026-03-09 06:25,ZONE-B2-F3,B2,3,Open Workspace,64.26,9.0,0.01,AHU-B23457,AHU,82.0,18.0,R-B2308,5,15,33.3,2,Low,27.3,MAINTENANCE,Low,Inspect compressor vibration isolators immediately,3724.48
2026-03-09 06:50,ZONE-B3-F4,B3,4,Conference Hall,53.48,7.49,0.03,GENE-B34458,Generator,82.7,17.3,R-B3409,15,30,50.0,2,Low,23.1,SECURITY,Low,Re-issue temporary visitor clearance passes,0.0
2026-03-09 07:15,ZONE-B1-F5,B1,5,Server Room,144.26,20.2,0.92,WATE-B15459,Water Pump,77.0,23.0,R-B1510,7,15,46.7,1,Low,74.5,ENERGY,High,Inspect chilled water flow valves for leakage,1234.43
2026-03-09 07:40,ZONE-B2-F1,B2,1,Cafeteria,30.91,4.33,0.27,HVAC-B21460,HVAC Unit,35.2,64.8,R-B2111,17,30,56.7,3,Medium,82.8,MAINTENANCE,High,Calibrate pressure sensor telemetry on Pump #04,486.91
2026-03-09 08:05,ZONE-B3-F2,B3,2,Research Wing,58.16,8.14,0.0,CHIL-B32461,Chiller,95.7,4.3,R-B3212,8,15,53.3,0,Low,21.4,ENERGY,Low,Inspect chilled water flow valves for leakage,2279.66
2026-03-09 08:30,ZONE-B1-F3,B1,3,Executive Suite,44.04,6.17,0.21,AHU-B13462,AHU,81.0,19.0,R-B1313,3,15,20.0,3,Low,32.3,MAINTENANCE,Medium,Calibrate pressure sensor telemetry on Pump #04,570.27
2026-03-09 08:55,ZONE-B2-F4,B2,4,Engineering Lab,56.18,7.87,0.23,GENE-B24463,Generator,90.4,9.6,R-B2414,4,15,26.7,3,Low,21.5,ENERGY,Medium,Optimize ventilation fan speeds during lunch breaks,3416.36
2026-03-09 09:20,ZONE-B3-F5,B3,5,Open Workspace,48.49,6.79,0.25,WATE-B35464,Water Pump,94.5,5.5,R-B3515,7,15,46.7,1,Low,22.6,ENERGY,Medium,Implement automated LED dimming schedule,3718.32
2026-03-09 09:45,ZONE-B1-F1,B1,1,Conference Hall,47.08,6.59,0.01,HVAC-B11465,HVAC Unit,76.9,23.1,R-B1101,3,30,10.0,4,High,81.5,SECURITY,High,Re-issue temporary visitor clearance passes,0.0
2026-03-09 10:10,ZONE-B2-F2,B2,2,Server Room,69.0,9.66,0.2,CHIL-B22466,Chiller,81.1,18.9,R-B2202,10,15,66.7,3,Low,32.0,SECURITY,Low,Flag unverified badge ID attempt for security audit,0.0
2026-03-09 10:35,ZONE-B3-F3,B3,3,Cafeteria,39.0,5.46,0.13,AHU-B33467,AHU,72.3,27.7,R-B3303,19,30,63.3,1,Low,50.0,SECURITY,Low,Lock down restricted laboratory entry door,0.0
2026-03-09 11:00,ZONE-B1-F4,B1,4,Research Wing,33.93,4.75,0.34,GENE-B14468,Generator,94.8,5.2,R-B1404,10,15,66.7,3,Low,37.8,ENERGY,Medium,Adjust HVAC setpoints by +2°C during non-peak hours,3992.19
2026-03-09 11:25,ZONE-B2-F5,B2,5,Executive Suite,67.51,9.45,0.18,WATE-B25469,Water Pump,75.9,24.1,R-B2505,9,15,60.0,2,Low,48.3,OCCUPANCY,Low,Stagger cafeteria lunch shifts to prevent density spikes,0.0
2026-03-09 11:50,ZONE-B3-F1,B3,1,Engineering Lab,47.08,6.59,0.04,HVAC-B31470,HVAC Unit,76.3,23.7,R-B3106,10,15,66.7,0,Medium,25.6,ENERGY,Medium,Adjust HVAC setpoints by +2°C during non-peak hours,529.82
2026-03-09 12:15,ZONE-B1-F2,B1,2,Open Workspace,41.02,5.74,0.1,CHIL-B12471,Chiller,95.7,4.3,R-B1207,6,15,40.0,3,Low,31.9,SECURITY,Low,Flag unverified badge ID attempt for security audit,0.0
2026-03-09 12:40,ZONE-B2-F3,B2,3,Conference Hall,35.98,5.04,0.06,AHU-B23472,AHU,89.0,11.0,R-B2308,10,30,33.3,2,Low,23.6,ENERGY,Low,Implement automated LED dimming schedule,2328.87
2026-03-09 13:05,ZONE-B3-F4,B3,4,Server Room,67.77,9.49,0.27,GENE-B34473,Generator,80.0,20.0,R-B3409,2,15,13.3,2,Low,54.6,ENERGY,Medium,Implement automated LED dimming schedule,2418.11
2026-03-09 13:30,ZONE-B1-F5,B1,5,Cafeteria,33.87,4.74,0.32,WATE-B15474,Water Pump,93.5,6.5,R-B1510,9,30,30.0,2,Low,32.4,OCCUPANCY,Low,Stagger cafeteria lunch shifts to prevent density spikes,0.0
2026-03-09 13:55,ZONE-B2-F1,B2,1,Research Wing,49.43,6.92,0.1,HVAC-B21475,HVAC Unit,85.2,14.8,R-B2111,14,15,93.3,3,Medium,79.8,OCCUPANCY,Medium,Consolidate open desks on Floor 3 to reduce thermal load,0.0
2026-03-09 14:20,ZONE-B3-F2,B3,2,Executive Suite,154.39,21.61,0.92,CHIL-B32476,Chiller,77.2,22.8,R-B3212,0,15,0.0,1,Low,84.9,ENERGY,High,Implement automated LED dimming schedule,3360.48
2026-03-09 14:45,ZONE-B1-F3,B1,3,Engineering Lab,37.65,5.27,0.15,AHU-B13477,AHU,73.8,26.2,R-B1313,0,15,0.0,2,Low,28.1,ENERGY,Medium,Implement automated LED dimming schedule,875.84
2026-03-09 15:10,ZONE-B2-F4,B2,4,Open Workspace,60.42,8.46,0.27,GENE-B24478,Generator,81.2,18.8,R-B2414,10,15,66.7,1,Low,32.1,OCCUPANCY,Low,Reallocate team meetings from overcrowded Conference Hall,0.0
2026-03-09 15:35,ZONE-B3-F5,B3,5,Conference Hall,39.19,5.49,0.24,WATE-B35479,Water Pump,95.1,4.9,R-B3515,4,30,13.3,0,Low,23.5,SECURITY,Low,Review CCTV footage at Server Room entry point,0.0
2026-03-09 16:00,ZONE-B1-F1,B1,1,Server Room,64.8,9.07,0.26,HVAC-B11480,HVAC Unit,87.9,12.1,R-B1101,4,15,26.7,0,Medium,35.0,MAINTENANCE,Medium,Replace worn HVAC air filter cartridges,816.96
2026-03-09 16:25,ZONE-B2-F2,B2,2,Cafeteria,41.65,5.83,0.23,CHIL-B22481,Chiller,73.9,26.1,R-B2202,7,30,23.3,1,Low,51.3,OCCUPANCY,Low,Stagger cafeteria lunch shifts to prevent density spikes,0.0
2026-03-09 16:50,ZONE-B3-F3,B3,3,Research Wing,69.98,9.8,0.17,AHU-B33482,AHU,83.8,16.2,R-B3303,9,15,60.0,2,Low,34.1,MAINTENANCE,Low,Schedule emergency bearing lubrication on Chiller #02,3562.14
2026-03-09 17:15,ZONE-B1-F4,B1,4,Executive Suite,37.92,5.31,0.06,GENE-B14483,Generator,44.9,55.1,R-B1404,8,15,53.3,3,Low,67.6,MAINTENANCE,Medium,Calibrate pressure sensor telemetry on Pump #04,2956.61
2026-03-09 17:40,ZONE-B2-F5,B2,5,Engineering Lab,31.32,4.38,0.0,WATE-B25484,Water Pump,88.0,12.0,R-B2505,5,15,33.3,2,Low,23.5,ENERGY,Low,Optimize ventilation fan speeds during lunch breaks,3640.26
2026-03-09 18:05,ZONE-B3-F1,B3,1,Open Workspace,43.65,6.11,0.05,HVAC-B31485,HVAC Unit,82.0,18.0,R-B3106,0,15,0.0,1,Medium,27.1,OCCUPANCY,Medium,Consolidate open desks on Floor 3 to reduce thermal load,0.0
2026-03-09 18:30,ZONE-B1-F2,B1,2,Conference Hall,61.09,8.55,0.19,CHIL-B12486,Chiller,87.2,12.8,R-B1207,3,30,10.0,0,Low,20.0,MAINTENANCE,Low,Replace worn HVAC air filter cartridges,3973.89
2026-03-09 18:55,ZONE-B2-F3,B2,3,Server Room,69.13,9.68,0.22,AHU-B23487,AHU,81.8,18.2,R-B2308,6,15,40.0,0,Low,32.5,OCCUPANCY,Low,Enable floating desk booking policy for underutilized zones,0.0
2026-03-09 19:20,ZONE-B3-F4,B3,4,Cafeteria,47.55,6.66,0.28,GENE-B34488,Generator,77.5,22.5,R-B3409,2,30,6.7,2,Low,26.3,MAINTENANCE,Low,Replace worn HVAC air filter cartridges,3465.65
2026-03-09 19:45,ZONE-B1-F5,B1,5,Research Wing,66.96,9.37,0.11,WATE-B15489,Water Pump,77.2,22.8,R-B1510,5,15,33.3,0,Low,36.2,ENERGY,Low,Adjust HVAC setpoints by +2°C during non-peak hours,960.86
2026-03-09 20:10,ZONE-B2-F1,B2,1,Executive Suite,27.86,3.9,0.33,HVAC-B21490,HVAC Unit,78.3,21.7,R-B2111,0,15,0.0,3,Medium,40.7,MAINTENANCE,Medium,Schedule emergency bearing lubrication on Chiller #02,3495.24
2026-03-09 20:35,ZONE-B3-F2,B3,2,Engineering Lab,45.09,6.31,0.29,CHIL-B32491,Chiller,83.4,16.6,R-B3212,3,15,20.0,0,Low,42.5,SECURITY,Low,Review CCTV footage at Server Room entry point,0.0
2026-03-09 21:00,ZONE-B1-F3,B1,3,Open Workspace,66.96,9.37,0.05,AHU-B13492,AHU,72.8,27.2,R-B1313,1,15,6.7,2,Low,47.4,SECURITY,Low,Re-issue temporary visitor clearance passes,0.0
2026-03-09 21:25,ZONE-B2-F4,B2,4,Conference Hall,158.32,22.16,0.92,GENE-B24493,Generator,94.9,5.1,R-B2414,4,30,13.3,3,Low,84.6,ENERGY,High,Adjust HVAC setpoints by +2°C during non-peak hours,3206.16
2026-03-09 21:50,ZONE-B3-F5,B3,5,Server Room,47.06,6.59,0.11,WATE-B35494,Water Pump,87.8,12.2,R-B3515,14,15,93.3,2,Low,70.3,OCCUPANCY,Medium,Enable floating desk booking policy for underutilized zones,0.0
2026-03-09 22:15,ZONE-B1-F1,B1,1,Cafeteria,42.9,6.01,0.31,HVAC-B11495,HVAC Unit,95.8,4.2,R-B1101,19,30,63.3,3,Medium,39.9,ENERGY,Medium,Optimize ventilation fan speeds during lunch breaks,1529.01
2026-03-09 22:40,ZONE-B2-F2,B2,2,Research Wing,39.65,5.55,0.22,CHIL-B22496,Chiller,78.9,21.1,R-B2202,6,15,40.0,11,Critical,76.2,SECURITY,Critical,Lock down restricted laboratory entry door,0.0
2026-03-09 23:05,ZONE-B3-F3,B3,3,Executive Suite,60.59,8.48,0.26,AHU-B33497,AHU,95.9,4.1,R-B3303,4,15,26.7,1,Low,39.2,SECURITY,Medium,Re-issue temporary visitor clearance passes,0.0
2026-03-09 23:30,ZONE-B1-F4,B1,4,Engineering Lab,36.02,5.04,0.23,GENE-B14498,Generator,86.0,14.0,R-B1404,4,15,26.7,0,Low,32.8,MAINTENANCE,Medium,Calibrate pressure sensor telemetry on Pump #04,3626.56
2026-03-09 23:55,ZONE-B2-F5,B2,5,Open Workspace,43.32,6.06,0.14,WATE-B25499,Water Pump,79.2,20.8,R-B2505,6,15,40.0,0,Low,47.9,OCCUPANCY,Low,Stagger cafeteria lunch shifts to prevent density spikes,0.0
2026-03-10 00:20,ZONE-B3-F1,B3,1,Conference Hall,46.77,6.55,0.08,HVAC-B31500,HVAC Unit,92.1,7.9,R-B3106,1,30,3.3,0,Medium,22.5,MAINTENANCE,Low,Calibrate pressure sensor telemetry on Pump #04,2577.22
2026-03-10 00:45,ZONE-B1-F2,B1,2,Server Room,56.92,7.97,0.23,CHIL-B12501,Chiller,78.3,21.7,R-B1207,9,15,60.0,3,Low,24.1,MAINTENANCE,Low,Replace worn HVAC air filter cartridges,1756.55
2026-03-10 01:10,ZONE-B2-F3,B2,3,Cafeteria,26.95,3.77,0.27,AHU-B23502,AHU,91.0,9.0,R-B2308,7,30,23.3,0,Low,27.6,MAINTENANCE,Medium,Schedule emergency bearing lubrication on Chiller #02,1852.29
2026-03-10 01:35,ZONE-B3-F4,B3,4,Research Wing,41.17,5.76,0.06,GENE-B34503,Generator,80.9,19.1,R-B3409,8,15,53.3,1,Low,22.5,ENERGY,Low,Optimize ventilation fan speeds during lunch breaks,3098.95
2026-03-10 02:00,ZONE-B1-F5,B1,5,Executive Suite,35.79,5.01,0.29,WATE-B15504,Water Pump,76.7,23.3,R-B1510,8,15,53.3,3,Low,33.4,OCCUPANCY,Medium,Enable floating desk booking policy for underutilized zones,0.0
2026-03-10 02:25,ZONE-B2-F1,B2,1,Engineering Lab,39.38,5.51,0.13,HVAC-B21505,HVAC Unit,95.8,4.2,R-B2111,3,15,20.0,0,Medium,47.9,SECURITY,Low,Re-issue temporary visitor clearance passes,0.0
2026-03-10 02:50,ZONE-B3-F2,B3,2,Open Workspace,68.69,9.62,0.04,CHIL-B32506,Chiller,47.8,52.2,R-B3212,1,15,6.7,1,Low,83.2,MAINTENANCE,Medium,Replace worn HVAC air filter cartridges,2606.43
2026-03-10 03:15,ZONE-B1-F3,B1,3,Conference Hall,41.34,5.79,0.09,AHU-B13507,AHU,87.7,12.3,R-B1313,20,30,66.7,1,Low,22.9,ENERGY,Medium,Adjust HVAC setpoints by +2°C during non-peak hours,2021.54
2026-03-10 03:40,ZONE-B2-F4,B2,4,Server Room,65.13,9.12,0.13,GENE-B24508,Generator,89.9,10.1,R-B2414,4,15,26.7,0,Low,25.4,OCCUPANCY,Medium,Stagger cafeteria lunch shifts to prevent density spikes,0.0
2026-03-10 04:05,ZONE-B3-F5,B3,5,Cafeteria,57.65,8.07,0.19,WATE-B35509,Water Pump,75.3,24.7,R-B3515,5,30,16.7,3,Low,29.7,OCCUPANCY,Medium,Enable floating desk booking policy for underutilized zones,0.0
2026-03-10 04:30,ZONE-B1-F1,B1,1,Research Wing,174.02,24.36,0.92,HVAC-B11510,HVAC Unit,88.0,12.0,R-B1101,5,15,33.3,2,Medium,79.4,ENERGY,High,Inspect chilled water flow valves for leakage,4216.19
2026-03-10 04:55,ZONE-B2-F2,B2,2,Executive Suite,33.43,4.68,0.06,CHIL-B22511,Chiller,92.5,7.5,R-B2202,4,15,26.7,0,Low,29.8,MAINTENANCE,Low,Calibrate pressure sensor telemetry on Pump #04,4034.55
2026-03-10 05:20,ZONE-B3-F3,B3,3,Engineering Lab,41.04,5.75,0.0,AHU-B33512,AHU,84.1,15.9,R-B3303,5,15,33.3,1,Low,36.0,MAINTENANCE,Low,Calibrate pressure sensor telemetry on Pump #04,1425.62
2026-03-10 05:45,ZONE-B1-F4,B1,4,Open Workspace,36.85,5.16,0.16,GENE-B14513,Generator,82.3,17.7,R-B1404,14,15,93.3,3,Low,65.3,OCCUPANCY,Medium,Enable floating desk booking policy for underutilized zones,0.0
2026-03-10 06:10,ZONE-B2-F5,B2,5,Conference Hall,52.65,7.37,0.11,WATE-B25514,Water Pump,95.4,4.6,R-B2505,11,30,36.7,1,Low,48.2,SECURITY,Medium,Lock down restricted laboratory entry door,0.0
2026-03-10 06:35,ZONE-B3-F1,B3,1,Server Room,39.46,5.52,0.11,HVAC-B31515,HVAC Unit,89.4,10.6,R-B3106,4,15,26.7,0,Medium,27.2,ENERGY,Medium,Adjust HVAC setpoints by +2°C during non-peak hours,4005.06
2026-03-10 07:00,ZONE-B1-F2,B1,2,Cafeteria,52.44,7.34,0.26,CHIL-B12516,Chiller,88.1,11.9,R-B1207,16,30,53.3,2,Low,46.1,MAINTENANCE,Low,Schedule emergency bearing lubrication on Chiller #02,1106.66
2026-03-10 07:25,ZONE-B2-F3,B2,3,Research Wing,25.88,3.62,0.31,AHU-B23517,AHU,86.1,13.9,R-B2308,6,15,40.0,2,Low,21.2,ENERGY,Medium,Inspect chilled water flow valves for leakage,799.25
2026-03-10 07:50,ZONE-B3-F4,B3,4,Executive Suite,25.49,3.57,0.08,GENE-B34518,Generator,94.9,5.1,R-B3409,4,15,26.7,0,Low,45.5,OCCUPANCY,Medium,Reallocate team meetings from overcrowded Conference Hall,0.0
2026-03-10 08:15,ZONE-B1-F5,B1,5,Engineering Lab,63.11,8.84,0.01,WATE-B15519,Water Pump,93.4,6.6,R-B1510,7,15,46.7,3,Low,36.3,MAINTENANCE,Medium,Replace worn HVAC air filter cartridges,3831.13
2026-03-10 08:40,ZONE-B2-F1,B2,1,Open Workspace,39.28,5.5,0.04,HVAC-B21520,HVAC Unit,94.6,5.4,R-B2111,10,15,66.7,2,Medium,23.9,ENERGY,Medium,Optimize ventilation fan speeds during lunch breaks,2439.32
2026-03-10 09:05,ZONE-B3-F2,B3,2,Conference Hall,44.17,6.18,0.31,CHIL-B32521,Chiller,76.7,23.3,R-B3212,4,30,13.3,3,Low,30.4,SECURITY,Low,Flag unverified badge ID attempt for security audit,0.0
2026-03-10 09:30,ZONE-B1-F3,B1,3,Server Room,53.52,7.49,0.17,AHU-B13522,AHU,73.6,26.4,R-B1313,8,15,53.3,0,Low,30.2,MAINTENANCE,Medium,Replace worn HVAC air filter cartridges,2853.34
2026-03-10 09:55,ZONE-B2-F4,B2,4,Cafeteria,25.24,3.53,0.34,GENE-B24523,Generator,87.7,12.3,R-B2414,0,30,0.0,3,Low,40.7,SECURITY,Low,Lock down restricted laboratory entry door,0.0
2026-03-10 10:20,ZONE-B3-F5,B3,5,Research Wing,45.86,6.42,0.28,WATE-B35524,Water Pump,76.2,23.8,R-B3515,8,15,53.3,3,Low,33.1,OCCUPANCY,Low,Reallocate team meetings from overcrowded Conference Hall,0.0
2026-03-10 10:45,ZONE-B1-F1,B1,1,Executive Suite,39.57,5.54,0.0,HVAC-B11525,HVAC Unit,74.2,25.8,R-B1101,9,15,60.0,1,Medium,36.0,SECURITY,Medium,Flag unverified badge ID attempt for security audit,0.0
2026-03-10 11:10,ZONE-B2-F2,B2,2,Engineering Lab,44.88,6.28,0.29,CHIL-B22526,Chiller,88.7,11.3,R-B2202,7,15,46.7,0,Low,36.0,MAINTENANCE,Low,Replace worn HVAC air filter cartridges,2310.75
2026-03-10 11:35,ZONE-B3-F3,B3,3,Open Workspace,78.02,10.92,0.92,AHU-B33527,AHU,82.9,17.1,R-B3303,3,15,20.0,11,High,82.2,ENERGY,Medium,Implement automated LED dimming schedule,1863.86
2026-03-10 12:00,ZONE-B1-F4,B1,4,Conference Hall,36.79,5.15,0.1,GENE-B14528,Generator,73.2,26.8,R-B1404,7,30,23.3,1,Low,54.2,MAINTENANCE,Medium,Calibrate pressure sensor telemetry on Pump #04,2405.84
2026-03-10 12:25,ZONE-B2-F5,B2,5,Server Room,64.14,8.98,0.2,WATE-B25529,Water Pump,55.2,44.8,R-B2505,8,15,53.3,2,Low,66.0,MAINTENANCE,Medium,Calibrate pressure sensor telemetry on Pump #04,585.86
2026-03-10 12:50,ZONE-B3-F1,B3,1,Cafeteria,52.05,7.29,0.3,HVAC-B31530,HVAC Unit,88.5,11.5,R-B3106,2,30,6.7,3,Medium,46.4,OCCUPANCY,Medium,Consolidate open desks on Floor 3 to reduce thermal load,0.0
2026-03-10 13:15,ZONE-B1-F2,B1,2,Research Wing,64.3,9.0,0.29,CHIL-B12531,Chiller,78.8,21.2,R-B1207,3,15,20.0,1,Low,42.7,ENERGY,Low,Implement automated LED dimming schedule,716.98
2026-03-10 13:40,ZONE-B2-F3,B2,3,Executive Suite,68.93,9.65,0.0,AHU-B23532,AHU,73.2,26.8,R-B2308,14,15,93.3,0,Low,63.3,OCCUPANCY,Medium,Consolidate open desks on Floor 3 to reduce thermal load,0.0
2026-03-10 14:05,ZONE-B3-F4,B3,4,Engineering Lab,44.74,6.26,0.09,GENE-B34533,Generator,87.3,12.7,R-B3409,10,15,66.7,3,Low,44.2,SECURITY,Low,Re-issue temporary visitor clearance passes,0.0
2026-03-10 14:30,ZONE-B1-F5,B1,5,Open Workspace,27.06,3.79,0.13,WATE-B15534,Water Pump,80.6,19.4,R-B1510,9,15,60.0,1,Low,35.4,ENERGY,Medium,Adjust HVAC setpoints by +2°C during non-peak hours,2183.31
2026-03-10 14:55,ZONE-B2-F1,B2,1,Conference Hall,60.48,8.47,0.18,HVAC-B21535,HVAC Unit,92.9,7.1,R-B2111,18,30,60.0,2,Medium,50.9,ENERGY,Low,Inspect chilled water flow valves for leakage,488.0
2026-03-10 15:20,ZONE-B3-F2,B3,2,Server Room,27.76,3.89,0.11,CHIL-B32536,Chiller,83.4,16.6,R-B3212,1,15,6.7,2,Low,53.9,SECURITY,Medium,Flag unverified badge ID attempt for security audit,0.0
2026-03-10 15:45,ZONE-B1-F3,B1,3,Cafeteria,63.96,8.95,0.22,AHU-B13537,AHU,96.4,3.6,R-B1313,16,30,53.3,3,Low,37.3,ENERGY,Low,Optimize ventilation fan speeds during lunch breaks,3542.88
2026-03-10 16:10,ZONE-B2-F4,B2,4,Research Wing,48.23,6.75,0.13,GENE-B24538,Generator,75.7,24.3,R-B2414,3,15,20.0,1,Low,52.9,SECURITY,Low,Lock down restricted laboratory entry door,0.0
2026-03-10 16:35,ZONE-B3-F5,B3,5,Executive Suite,60.76,8.51,0.23,WATE-B35539,Water Pump,93.7,6.3,R-B3515,7,15,46.7,3,Low,20.7,SECURITY,Medium,Review CCTV footage at Server Room entry point,0.0
2026-03-10 17:00,ZONE-B1-F1,B1,1,Engineering Lab,61.77,8.65,0.24,HVAC-B11540,HVAC Unit,81.7,18.3,R-B1101,3,15,20.0,0,Medium,22.5,OCCUPANCY,Medium,Reallocate team meetings from overcrowded Conference Hall,0.0
2026-03-10 17:25,ZONE-B2-F2,B2,2,Open Workspace,48.45,6.78,0.29,CHIL-B22541,Chiller,88.6,11.4,R-B2202,8,15,53.3,3,Low,31.6,OCCUPANCY,Low,Reallocate team meetings from overcrowded Conference Hall,0.0
2026-03-10 17:50,ZONE-B3-F3,B3,3,Conference Hall,30.8,4.31,0.21,AHU-B33542,AHU,96.0,4.0,R-B3303,5,30,16.7,3,Low,29.9,ENERGY,Medium,Optimize ventilation fan speeds during lunch breaks,1301.31
2026-03-10 18:15,ZONE-B1-F4,B1,4,Server Room,43.78,6.13,0.04,GENE-B14543,Generator,83.0,17.0,R-B1404,7,15,46.7,2,Low,27.7,SECURITY,Medium,Lock down restricted laboratory entry door,0.0
2026-03-10 18:40,ZONE-B2-F5,B2,5,Cafeteria,153.8,21.53,0.92,WATE-B25544,Water Pump,75.1,24.9,R-B2505,12,30,40.0,3,Low,82.7,ENERGY,High,Inspect chilled water flow valves for leakage,4195.03
2026-03-10 19:05,ZONE-B3-F1,B3,1,Research Wing,35.96,5.03,0.0,HVAC-B31545,HVAC Unit,95.1,4.9,R-B3106,0,15,0.0,0,Medium,50.4,ENERGY,Low,Adjust HVAC setpoints by +2°C during non-peak hours,942.56
2026-03-10 19:30,ZONE-B1-F2,B1,2,Executive Suite,35.74,5.0,0.05,CHIL-B12546,Chiller,82.4,17.6,R-B1207,10,15,66.7,3,Low,23.4,ENERGY,Low,Inspect chilled water flow valves for leakage,4001.65
2026-03-10 19:55,ZONE-B2-F3,B2,3,Engineering Lab,52.71,7.38,0.07,AHU-B23547,AHU,90.0,10.0,R-B2308,9,15,60.0,0,Low,37.4,SECURITY,Low,Re-issue temporary visitor clearance passes,0.0
2026-03-10 20:20,ZONE-B3-F4,B3,4,Open Workspace,68.05,9.53,0.26,GENE-B34548,Generator,78.6,21.4,R-B3409,1,15,6.7,2,Low,45.6,SECURITY,Low,Flag unverified badge ID attempt for security audit,0.0
2026-03-10 20:45,ZONE-B1-F5,B1,5,Conference Hall,46.6,6.52,0.27,WATE-B15549,Water Pump,81.6,18.4,R-B1510,2,30,6.7,3,Low,50.1,OCCUPANCY,Low,Stagger cafeteria lunch shifts to prevent density spikes,0.0
2026-03-10 21:10,ZONE-B2-F1,B2,1,Server Room,48.96,6.85,0.17,HVAC-B21550,HVAC Unit,72.1,27.9,R-B2111,2,15,13.3,1,Medium,34.0,ENERGY,Medium,Implement automated LED dimming schedule,3880.57
2026-03-10 21:35,ZONE-B3-F2,B3,2,Cafeteria,53.66,7.51,0.15,CHIL-B32551,Chiller,73.8,26.2,R-B3212,28,30,93.3,3,Low,70.6,OCCUPANCY,Medium,Reallocate team meetings from overcrowded Conference Hall,0.0
2026-03-10 22:00,ZONE-B1-F3,B1,3,Research Wing,54.15,7.58,0.14,AHU-B13552,AHU,48.7,51.3,R-B1313,5,15,33.3,1,Low,65.7,MAINTENANCE,Medium,Schedule emergency bearing lubrication on Chiller #02,1870.88
2026-03-10 22:25,ZONE-B2-F4,B2,4,Executive Suite,59.9,8.39,0.02,GENE-B24553,Generator,92.8,7.2,R-B2414,1,15,6.7,2,Low,48.3,SECURITY,Medium,Flag unverified badge ID attempt for security audit,0.0
2026-03-10 22:50,ZONE-B3-F5,B3,5,Engineering Lab,40.86,5.72,0.23,WATE-B35554,Water Pump,95.2,4.8,R-B3515,0,15,0.0,3,Low,50.8,MAINTENANCE,Low,Replace worn HVAC air filter cartridges,1262.58
2026-03-10 23:15,ZONE-B1-F1,B1,1,Open Workspace,68.57,9.6,0.15,HVAC-B11555,HVAC Unit,81.8,18.2,R-B1101,3,15,20.0,2,Medium,24.8,SECURITY,Medium,Review CCTV footage at Server Room entry point,0.0
2026-03-10 23:40,ZONE-B2-F2,B2,2,Conference Hall,33.14,4.64,0.33,CHIL-B22556,Chiller,88.3,11.7,R-B2202,14,30,46.7,2,Low,43.3,OCCUPANCY,Low,Enable floating desk booking policy for underutilized zones,0.0
2026-03-11 00:05,ZONE-B3-F3,B3,3,Server Room,31.13,4.36,0.01,AHU-B33557,AHU,94.2,5.8,R-B3303,7,15,46.7,2,Low,20.3,ENERGY,Medium,Inspect chilled water flow valves for leakage,1580.66
2026-03-11 00:30,ZONE-B1-F4,B1,4,Cafeteria,54.94,7.69,0.03,GENE-B14558,Generator,93.5,6.5,R-B1404,6,30,20.0,6,Critical,77.7,SECURITY,Critical,Re-issue temporary visitor clearance passes,0.0
2026-03-11 00:55,ZONE-B2-F5,B2,5,Research Wing,26.82,3.75,0.2,WATE-B25559,Water Pump,91.1,8.9,R-B2505,9,15,60.0,0,Low,32.0,ENERGY,Low,Optimize ventilation fan speeds during lunch breaks,3715.49
2026-03-11 01:20,ZONE-B3-F1,B3,1,Executive Suite,58.67,8.21,0.07,HVAC-B31560,HVAC Unit,87.1,12.9,R-B3106,6,15,40.0,3,Medium,20.2,OCCUPANCY,Low,Reallocate team meetings from overcrowded Conference Hall,0.0
2026-03-11 01:45,ZONE-B1-F2,B1,2,Engineering Lab,152.36,21.33,0.92,CHIL-B12561,Chiller,93.5,6.5,R-B1207,1,15,6.7,1,Low,70.9,ENERGY,High,Adjust HVAC setpoints by +2°C during non-peak hours,3266.36
2026-03-11 02:10,ZONE-B2-F3,B2,3,Open Workspace,58.24,8.15,0.04,AHU-B23562,AHU,80.7,19.3,R-B2308,0,15,0.0,0,Low,37.6,SECURITY,Medium,Lock down restricted laboratory entry door,0.0
2026-03-11 02:35,ZONE-B3-F4,B3,4,Conference Hall,44.73,6.26,0.13,GENE-B34563,Generator,79.3,20.7,R-B3409,3,30,10.0,3,Low,25.7,SECURITY,Low,Lock down restricted laboratory entry door,0.0
2026-03-11 03:00,ZONE-B1-F5,B1,5,Server Room,36.14,5.06,0.34,WATE-B15564,Water Pump,78.1,21.9,R-B1510,3,15,20.0,2,Low,27.3,ENERGY,Medium,Adjust HVAC setpoints by +2°C during non-peak hours,2738.72
2026-03-11 03:25,ZONE-B2-F1,B2,1,Cafeteria,39.39,5.51,0.17,HVAC-B21565,HVAC Unit,90.3,9.7,R-B2111,10,30,33.3,1,Medium,38.5,OCCUPANCY,Low,Enable floating desk booking policy for underutilized zones,0.0
2026-03-11 03:50,ZONE-B3-F2,B3,2,Research Wing,44.04,6.17,0.33,CHIL-B32566,Chiller,81.5,18.5,R-B3212,1,15,6.7,2,Low,29.6,MAINTENANCE,Low,Replace worn HVAC air filter cartridges,4064.34
2026-03-11 04:15,ZONE-B1-F3,B1,3,Executive Suite,58.05,8.13,0.16,AHU-B13567,AHU,96.2,3.8,R-B1313,2,15,13.3,1,Low,54.9,ENERGY,Medium,Adjust HVAC setpoints by +2°C during non-peak hours,2902.85
2026-03-11 04:40,ZONE-B2-F4,B2,4,Engineering Lab,31.29,4.38,0.35,GENE-B24568,Generator,82.5,17.5,R-B2414,5,15,33.3,2,Low,23.8,OCCUPANCY,Low,Reallocate team meetings from overcrowded Conference Hall,0.0
2026-03-11 05:05,ZONE-B3-F5,B3,5,Open Workspace,66.48,9.31,0.25,WATE-B35569,Water Pump,76.8,23.2,R-B3515,8,15,53.3,0,Low,29.4,ENERGY,Medium,Adjust HVAC setpoints by +2°C during non-peak hours,956.81
2026-03-11 05:30,ZONE-B1-F1,B1,1,Conference Hall,32.65,4.57,0.23,HVAC-B11570,HVAC Unit,95.1,4.9,R-B1101,28,30,93.3,1,Medium,64.5,OCCUPANCY,Medium,Enable floating desk booking policy for underutilized zones,0.0
2026-03-11 05:55,ZONE-B2-F2,B2,2,Server Room,57.09,7.99,0.06,CHIL-B22571,Chiller,91.7,8.3,R-B2202,6,15,40.0,1,Low,44.8,MAINTENANCE,Low,Calibrate pressure sensor telemetry on Pump #04,1533.83
2026-03-11 06:20,ZONE-B3-F3,B3,3,Cafeteria,57.47,8.05,0.19,AHU-B33572,AHU,85.7,14.3,R-B3303,17,30,56.7,2,Low,37.7,ENERGY,Low,Optimize ventilation fan speeds during lunch breaks,3165.64
2026-03-11 06:45,ZONE-B1-F4,B1,4,Research Wing,56.69,7.94,0.25,GENE-B14573,Generator,87.4,12.6,R-B1404,6,15,40.0,3,Low,45.7,OCCUPANCY,Low,Enable floating desk booking policy for underutilized zones,0.0
2026-03-11 07:10,ZONE-B2-F5,B2,5,Executive Suite,34.14,4.78,0.11,WATE-B25574,Water Pump,72.2,27.8,R-B2505,2,15,13.3,1,Low,51.7,ENERGY,Medium,Implement automated LED dimming schedule,1466.34
2026-03-11 07:35,ZONE-B3-F1,B3,1,Engineering Lab,65.13,9.12,0.15,HVAC-B31575,HVAC Unit,45.0,55.0,R-B3106,9,15,60.0,0,Medium,70.1,MAINTENANCE,Medium,Replace worn HVAC air filter cartridges,4181.71
2026-03-11 08:00,ZONE-B1-F2,B1,2,Open Workspace,60.79,8.51,0.0,CHIL-B12576,Chiller,94.3,5.7,R-B1207,8,15,53.3,0,Low,26.3,OCCUPANCY,Low,Enable floating desk booking policy for underutilized zones,0.0
2026-03-11 08:25,ZONE-B2-F3,B2,3,Conference Hall,27.41,3.84,0.16,AHU-B23577,AHU,75.9,24.1,R-B2308,17,30,56.7,2,Low,48.6,ENERGY,Medium,Adjust HVAC setpoints by +2°C during non-peak hours,4010.65
2026-03-11 08:50,ZONE-B3-F4,B3,4,Server Room,159.86,22.38,0.92,GENE-B34578,Generator,76.1,23.9,R-B3409,1,15,6.7,1,Low,78.1,ENERGY,High,Optimize ventilation fan speeds during lunch breaks,3289.13
2026-03-11 09:15,ZONE-B1-F5,B1,5,Cafeteria,59.84,8.38,0.33,WATE-B15579,Water Pump,85.7,14.3,R-B1510,7,30,23.3,3,Low,53.2,ENERGY,Low,Adjust HVAC setpoints by +2°C during non-peak hours,854.26
2026-03-11 09:40,ZONE-B2-F1,B2,1,Research Wing,31.35,4.39,0.12,HVAC-B21580,HVAC Unit,72.9,27.1,R-B2111,6,15,40.0,2,Medium,39.8,ENERGY,Low,Optimize ventilation fan speeds during lunch breaks,2815.24
2026-03-11 10:05,ZONE-B3-F2,B3,2,Executive Suite,58.85,8.24,0.32,CHIL-B32581,Chiller,82.9,17.1,R-B3212,6,15,40.0,2,Low,21.3,ENERGY,Medium,Inspect chilled water flow valves for leakage,1159.67
2026-03-11 10:30,ZONE-B1-F3,B1,3,Engineering Lab,30.23,4.23,0.09,AHU-B13582,AHU,87.3,12.7,R-B1313,5,15,33.3,2,Low,38.4,SECURITY,Medium,Flag unverified badge ID attempt for security audit,0.0
2026-03-11 10:55,ZONE-B2-F4,B2,4,Open Workspace,35.92,5.03,0.19,GENE-B24583,Generator,73.9,26.1,R-B2414,4,15,26.7,3,Low,51.7,SECURITY,Medium,Re-issue temporary visitor clearance passes,0.0
2026-03-11 11:20,ZONE-B3-F5,B3,5,Conference Hall,52.79,7.39,0.04,WATE-B35584,Water Pump,96.9,3.1,R-B3515,11,30,36.7,3,Low,50.0,OCCUPANCY,Medium,Consolidate open desks on Floor 3 to reduce thermal load,0.0
2026-03-11 11:45,ZONE-B1-F1,B1,1,Server Room,26.19,3.67,0.01,HVAC-B11585,HVAC Unit,85.2,14.8,R-B1101,8,15,53.3,1,Medium,27.1,ENERGY,Medium,Optimize ventilation fan speeds during lunch breaks,954.61
2026-03-11 12:10,ZONE-B2-F2,B2,2,Cafeteria,45.13,6.32,0.16,CHIL-B22586,Chiller,92.3,7.7,R-B2202,0,30,0.0,1,Low,41.0,OCCUPANCY,Low,Enable floating desk booking policy for underutilized zones,0.0
2026-03-11 12:35,ZONE-B3-F3,B3,3,Research Wing,62.47,8.75,0.16,AHU-B33587,AHU,92.2,7.8,R-B3303,2,15,13.3,3,Low,46.0,ENERGY,Medium,Implement automated LED dimming schedule,1263.22
2026-03-11 13:00,ZONE-B1-F4,B1,4,Executive Suite,49.56,6.94,0.23,GENE-B14588,Generator,87.0,13.0,R-B1404,9,15,60.0,1,Low,20.9,OCCUPANCY,Medium,Reallocate team meetings from overcrowded Conference Hall,0.0
2026-03-11 13:25,ZONE-B2-F5,B2,5,Engineering Lab,32.32,4.52,0.11,WATE-B25589,Water Pump,79.9,20.1,R-B2505,14,15,93.3,9,High,79.7,OCCUPANCY,Medium,Reallocate team meetings from overcrowded Conference Hall,0.0
2026-03-11 13:50,ZONE-B3-F1,B3,1,Open Workspace,68.6,9.6,0.26,HVAC-B31590,HVAC Unit,75.7,24.3,R-B3106,4,15,26.7,1,Medium,29.4,ENERGY,Medium,Implement automated LED dimming schedule,572.02
2026-03-11 14:15,ZONE-B1-F2,B1,2,Conference Hall,45.96,6.43,0.06,CHIL-B12591,Chiller,77.3,22.7,R-B1207,14,30,46.7,0,Low,48.1,MAINTENANCE,Medium,Calibrate pressure sensor telemetry on Pump #04,1399.87
2026-03-11 14:40,ZONE-B2-F3,B2,3,Server Room,45.49,6.37,0.21,AHU-B23592,AHU,86.2,13.8,R-B2308,4,15,26.7,1,Low,44.3,MAINTENANCE,Medium,Calibrate pressure sensor telemetry on Pump #04,709.71
2026-03-11 15:05,ZONE-B3-F4,B3,4,Cafeteria,48.08,6.73,0.15,GENE-B34593,Generator,78.9,21.1,R-B3409,8,30,26.7,0,Low,53.7,MAINTENANCE,Medium,Schedule emergency bearing lubrication on Chiller #02,3247.43
2026-03-11 15:30,ZONE-B1-F5,B1,5,Research Wing,40.04,5.61,0.25,WATE-B15594,Water Pump,73.5,26.5,R-B1510,1,15,6.7,2,Low,31.9,OCCUPANCY,Low,Enable floating desk booking policy for underutilized zones,0.0
2026-03-11 15:55,ZONE-B2-F1,B2,1,Executive Suite,74.41,10.42,0.92,HVAC-B21595,HVAC Unit,87.1,12.9,R-B2111,9,15,60.0,2,Medium,76.6,ENERGY,Medium,Implement automated LED dimming schedule,1462.21
2026-03-11 16:20,ZONE-B3-F2,B3,2,Engineering Lab,28.23,3.95,0.12,CHIL-B32596,Chiller,77.6,22.4,R-B3212,3,15,20.0,1,Low,32.5,SECURITY,Medium,Review CCTV footage at Server Room entry point,0.0
2026-03-11 16:45,ZONE-B1-F3,B1,3,Open Workspace,31.08,4.35,0.03,AHU-B13597,AHU,81.2,18.8,R-B1313,7,15,46.7,1,Low,42.5,ENERGY,Medium,Inspect chilled water flow valves for leakage,2904.35
2026-03-11 17:10,ZONE-B2-F4,B2,4,Conference Hall,45.62,6.39,0.34,GENE-B24598,Generator,46.6,53.4,R-B2414,11,30,36.7,1,Low,70.1,MAINTENANCE,Medium,Inspect compressor vibration isolators immediately,2983.51
2026-03-11 17:35,ZONE-B3-F5,B3,5,Server Room,40.91,5.73,0.12,WATE-B35599,Water Pump,84.5,15.5,R-B3515,4,15,26.7,3,Low,42.3,SECURITY,Low,Review CCTV footage at Server Room entry point,0.0
2026-03-11 18:00,ZONE-B1-F1,B1,1,Cafeteria,68.08,9.53,0.02,HVAC-B11600,HVAC Unit,75.5,24.5,R-B1101,8,30,26.7,3,Medium,34.6,ENERGY,Low,Adjust HVAC setpoints by +2°C during non-peak hours,3267.47
2026-03-11 18:25,ZONE-B2-F2,B2,2,Research Wing,37.92,5.31,0.09,CHIL-B22601,Chiller,91.0,9.0,R-B2202,5,15,33.3,1,Low,37.3,SECURITY,Low,Re-issue temporary visitor clearance passes,0.0
2026-03-11 18:50,ZONE-B3-F3,B3,3,Executive Suite,66.63,9.33,0.19,AHU-B33602,AHU,89.5,10.5,R-B3303,0,15,0.0,0,Low,38.2,MAINTENANCE,Low,Schedule emergency bearing lubrication on Chiller #02,575.17
2026-03-11 19:15,ZONE-B1-F4,B1,4,Engineering Lab,68.58,9.6,0.05,GENE-B14603,Generator,82.4,17.6,R-B1404,2,15,13.3,3,Low,28.8,ENERGY,Medium,Optimize ventilation fan speeds during lunch breaks,725.71
2026-03-11 19:40,ZONE-B2-F5,B2,5,Open Workspace,67.08,9.39,0.14,WATE-B25604,Water Pump,78.3,21.7,R-B2505,9,15,60.0,2,Low,32.2,MAINTENANCE,Medium,Inspect compressor vibration isolators immediately,2174.83
2026-03-11 20:05,ZONE-B3-F1,B3,1,Conference Hall,27.66,3.87,0.33,HVAC-B31605,HVAC Unit,87.7,12.3,R-B3106,9,30,30.0,1,Medium,40.1,ENERGY,Medium,Adjust HVAC setpoints by +2°C during non-peak hours,3693.34
2026-03-11 20:30,ZONE-B1-F2,B1,2,Server Room,30.34,4.25,0.11,CHIL-B12606,Chiller,74.3,25.7,R-B1207,2,15,13.3,1,Low,29.9,MAINTENANCE,Medium,Calibrate pressure sensor telemetry on Pump #04,3226.54
2026-03-11 20:55,ZONE-B2-F3,B2,3,Cafeteria,31.36,4.39,0.31,AHU-B23607,AHU,84.4,15.6,R-B2308,9,30,30.0,0,Low,40.5,OCCUPANCY,Low,Consolidate open desks on Floor 3 to reduce thermal load,0.0
2026-03-11 21:20,ZONE-B3-F4,B3,4,Research Wing,62.16,8.7,0.27,GENE-B34608,Generator,83.2,16.8,R-B3409,14,15,93.3,2,Low,76.4,OCCUPANCY,Medium,Consolidate open desks on Floor 3 to reduce thermal load,0.0
2026-03-11 21:45,ZONE-B1-F5,B1,5,Executive Suite,57.8,8.09,0.07,WATE-B15609,Water Pump,94.5,5.5,R-B1510,4,15,26.7,2,Low,22.2,OCCUPANCY,Low,Stagger cafeteria lunch shifts to prevent density spikes,0.0
2026-03-11 22:10,ZONE-B2-F1,B2,1,Engineering Lab,63.65,8.91,0.27,HVAC-B21610,HVAC Unit,85.2,14.8,R-B2111,0,15,0.0,0,Medium,34.4,MAINTENANCE,Medium,Inspect compressor vibration isolators immediately,2529.0
2026-03-11 22:35,ZONE-B3-F2,B3,2,Open Workspace,62.69,8.78,0.16,CHIL-B32611,Chiller,85.0,15.0,R-B3212,0,15,0.0,0,Low,37.5,ENERGY,Low,Implement automated LED dimming schedule,1533.96
2026-03-11 23:00,ZONE-B1-F3,B1,3,Conference Hall,138.65,19.41,0.92,AHU-B13612,AHU,82.7,17.3,R-B1313,1,30,3.3,0,Low,73.5,ENERGY,High,Optimize ventilation fan speeds during lunch breaks,1165.92
2026-03-11 23:25,ZONE-B2-F4,B2,4,Server Room,65.81,9.21,0.04,GENE-B24613,Generator,91.6,8.4,R-B2414,0,15,0.0,3,Low,48.7,MAINTENANCE,Low,Calibrate pressure sensor telemetry on Pump #04,2448.46
2026-03-11 23:50,ZONE-B3-F5,B3,5,Cafeteria,66.25,9.28,0.08,WATE-B35614,Water Pump,90.0,10.0,R-B3515,12,30,40.0,1,Low,26.2,OCCUPANCY,Medium,Reallocate team meetings from overcrowded Conference Hall,0.0
2026-03-12 00:15,ZONE-B1-F1,B1,1,Research Wing,33.53,4.69,0.12,HVAC-B11615,HVAC Unit,92.9,7.1,R-B1101,5,15,33.3,0,Medium,50.3,SECURITY,Low,Re-issue temporary visitor clearance passes,0.0
2026-03-12 00:40,ZONE-B2-F2,B2,2,Executive Suite,69.36,9.71,0.11,CHIL-B22616,Chiller,76.9,23.1,R-B2202,1,15,6.7,2,Low,25.8,MAINTENANCE,Low,Schedule emergency bearing lubrication on Chiller #02,3506.27
2026-03-12 01:05,ZONE-B3-F3,B3,3,Engineering Lab,55.68,7.8,0.31,AHU-B33617,AHU,85.2,14.8,R-B3303,3,15,20.0,3,Low,39.9,OCCUPANCY,Low,Reallocate team meetings from overcrowded Conference Hall,0.0
2026-03-12 01:30,ZONE-B1-F4,B1,4,Open Workspace,36.21,5.07,0.05,GENE-B14618,Generator,78.3,21.7,R-B1404,7,15,46.7,2,Low,21.7,MAINTENANCE,Low,Inspect compressor vibration isolators immediately,3239.63
2026-03-12 01:55,ZONE-B2-F5,B2,5,Conference Hall,56.54,7.92,0.01,WATE-B25619,Water Pump,93.1,6.9,R-B2505,6,30,20.0,1,Low,52.4,MAINTENANCE,Low,Schedule emergency bearing lubrication on Chiller #02,577.15
2026-03-12 02:20,ZONE-B3-F1,B3,1,Server Room,33.77,4.73,0.24,HVAC-B31620,HVAC Unit,96.7,3.3,R-B3106,0,15,0.0,9,Critical,83.9,SECURITY,Critical,Flag unverified badge ID attempt for security audit,0.0
2026-03-12 02:45,ZONE-B1-F2,B1,2,Cafeteria,68.04,9.53,0.2,CHIL-B12621,Chiller,48.0,52.0,R-B1207,7,30,23.3,1,Low,70.1,MAINTENANCE,Medium,Schedule emergency bearing lubrication on Chiller #02,2133.18
2026-03-12 03:10,ZONE-B2-F3,B2,3,Research Wing,29.45,4.12,0.16,AHU-B23622,AHU,92.7,7.3,R-B2308,9,15,60.0,2,Low,40.3,MAINTENANCE,Low,Replace worn HVAC air filter cartridges,3545.86
2026-03-12 03:35,ZONE-B3-F4,B3,4,Executive Suite,56.61,7.93,0.21,GENE-B34623,Generator,85.9,14.1,R-B3409,4,15,26.7,0,Low,37.6,SECURITY,Low,Review CCTV footage at Server Room entry point,0.0
2026-03-12 04:00,ZONE-B1-F5,B1,5,Engineering Lab,25.46,3.56,0.2,WATE-B15624,Water Pump,90.7,9.3,R-B1510,3,15,20.0,0,Low,51.6,MAINTENANCE,Medium,Schedule emergency bearing lubrication on Chiller #02,2968.58
2026-03-12 04:25,ZONE-B2-F1,B2,1,Open Workspace,33.36,4.67,0.0,HVAC-B21625,HVAC Unit,79.3,20.7,R-B2111,5,15,33.3,0,Medium,52.5,ENERGY,Medium,Adjust HVAC setpoints by +2°C during non-peak hours,3804.65
2026-03-12 04:50,ZONE-B3-F2,B3,2,Conference Hall,31.54,4.42,0.11,CHIL-B32626,Chiller,88.8,11.2,R-B3212,11,30,36.7,2,Low,52.3,ENERGY,Low,Inspect chilled water flow valves for leakage,1903.14
2026-03-12 05:15,ZONE-B1-F3,B1,3,Server Room,50.13,7.02,0.33,AHU-B13627,AHU,82.2,17.8,R-B1313,14,15,93.3,2,Low,63.6,OCCUPANCY,Medium,Stagger cafeteria lunch shifts to prevent density spikes,0.0
2026-03-12 05:40,ZONE-B2-F4,B2,4,Cafeteria,64.37,9.01,0.11,GENE-B24628,Generator,73.3,26.7,R-B2414,20,30,66.7,0,Low,51.6,SECURITY,Low,Lock down restricted laboratory entry door,0.0
2026-03-12 06:05,ZONE-B3-F5,B3,5,Research Wing,97.98,13.72,0.92,WATE-B35629,Water Pump,89.6,10.4,R-B3515,6,15,40.0,3,Low,77.0,ENERGY,Medium,Optimize ventilation fan speeds during lunch breaks,2423.76
2026-03-12 06:30,ZONE-B1-F1,B1,1,Executive Suite,38.56,5.4,0.01,HVAC-B11630,HVAC Unit,85.8,14.2,R-B1101,5,15,33.3,3,Medium,49.0,OCCUPANCY,Low,Stagger cafeteria lunch shifts to prevent density spikes,0.0
2026-03-12 06:55,ZONE-B2-F2,B2,2,Engineering Lab,45.21,6.33,0.35,CHIL-B22631,Chiller,81.9,18.1,R-B2202,5,15,33.3,0,Low,34.2,SECURITY,Low,Re-issue temporary visitor clearance passes,0.0
2026-03-12 07:20,ZONE-B3-F3,B3,3,Open Workspace,53.99,7.56,0.27,AHU-B33632,AHU,87.0,13.0,R-B3303,10,15,66.7,2,Low,28.4,OCCUPANCY,Low,Enable floating desk booking policy for underutilized zones,0.0
2026-03-12 07:45,ZONE-B1-F4,B1,4,Conference Hall,50.8,7.11,0.26,GENE-B14633,Generator,88.5,11.5,R-B1404,4,30,13.3,2,Low,46.0,SECURITY,Low,Re-issue temporary visitor clearance passes,0.0
2026-03-12 08:10,ZONE-B2-F5,B2,5,Server Room,37.34,5.23,0.09,WATE-B25634,Water Pump,84.8,15.2,R-B2505,1,15,6.7,0,Low,22.0,ENERGY,Low,Adjust HVAC setpoints by +2°C during non-peak hours,3367.87
2026-03-12 08:35,ZONE-B3-F1,B3,1,Cafeteria,61.34,8.59,0.27,HVAC-B31635,HVAC Unit,90.7,9.3,R-B3106,1,30,3.3,3,Medium,47.2,OCCUPANCY,Low,Reallocate team meetings from overcrowded Conference Hall,0.0
2026-03-12 09:00,ZONE-B1-F2,B1,2,Research Wing,56.57,7.92,0.02,CHIL-B12636,Chiller,81.9,18.1,R-B1207,3,15,20.0,1,Low,29.2,SECURITY,Low,Re-issue temporary visitor clearance passes,0.0
2026-03-12 09:25,ZONE-B2-F3,B2,3,Executive Suite,46.67,6.53,0.02,AHU-B23637,AHU,77.5,22.5,R-B2308,4,15,26.7,2,Low,34.8,SECURITY,Low,Lock down restricted laboratory entry door,0.0
2026-03-12 09:50,ZONE-B3-F4,B3,4,Engineering Lab,31.97,4.48,0.12,GENE-B34638,Generator,95.3,4.7,R-B3409,5,15,33.3,0,Low,23.0,SECURITY,Medium,Lock down restricted laboratory entry door,0.0
2026-03-12 10:15,ZONE-B1-F5,B1,5,Open Workspace,32.52,4.55,0.08,WATE-B15639,Water Pump,89.4,10.6,R-B1510,3,15,20.0,1,Low,41.4,MAINTENANCE,Low,Replace worn HVAC air filter cartridges,1681.47
2026-03-12 10:40,ZONE-B2-F1,B2,1,Conference Hall,27.63,3.87,0.02,HVAC-B21640,HVAC Unit,88.1,11.9,R-B2111,5,30,16.7,2,Medium,39.6,ENERGY,Medium,Optimize ventilation fan speeds during lunch breaks,1213.1
2026-03-12 11:05,ZONE-B3-F2,B3,2,Server Room,47.41,6.64,0.26,CHIL-B32641,Chiller,85.2,14.8,R-B3212,9,15,60.0,1,Low,22.8,ENERGY,Medium,Implement automated LED dimming schedule,2244.17
2026-03-12 11:30,ZONE-B1-F3,B1,3,Cafeteria,66.77,9.35,0.32,AHU-B13642,AHU,95.7,4.3,R-B1313,9,30,30.0,3,Low,27.1,ENERGY,Medium,Adjust HVAC setpoints by +2°C during non-peak hours,1159.12
2026-03-12 11:55,ZONE-B2-F4,B2,4,Research Wing,68.14,9.54,0.1,GENE-B24643,Generator,78.5,21.5,R-B2414,8,15,53.3,2,Low,25.2,MAINTENANCE,Medium,Inspect compressor vibration isolators immediately,1187.35
2026-03-12 12:20,ZONE-B3-F5,B3,5,Executive Suite,60.85,8.52,0.07,WATE-B35644,Water Pump,54.9,45.1,R-B3515,2,15,13.3,0,Low,84.5,MAINTENANCE,Medium,Calibrate pressure sensor telemetry on Pump #04,1198.43
2026-03-12 12:45,ZONE-B1-F1,B1,1,Engineering Lab,64.86,9.08,0.08,HVAC-B11645,HVAC Unit,76.6,23.4,R-B1101,6,15,40.0,1,Medium,53.2,SECURITY,Low,Flag unverified badge ID attempt for security audit,0.0
2026-03-12 13:10,ZONE-B2-F2,B2,2,Open Workspace,161.99,22.68,0.92,CHIL-B22646,Chiller,95.1,4.9,R-B2202,14,15,93.3,3,Low,89.8,CROSS_DOMAIN,Critical,Priority Action: Enable smart occupancy-based HVAC setback on Floor 4,2271.74
2026-03-12 13:35,ZONE-B3-F3,B3,3,Conference Hall,55.46,7.76,0.35,AHU-B33647,AHU,81.8,18.2,R-B3303,19,30,63.3,0,Low,48.6,OCCUPANCY,Medium,Stagger cafeteria lunch shifts to prevent density spikes,0.0
2026-03-12 14:00,ZONE-B1-F4,B1,4,Server Room,46.0,6.44,0.1,GENE-B14648,Generator,86.2,13.8,R-B1404,3,15,20.0,1,Low,23.7,MAINTENANCE,Medium,Calibrate pressure sensor telemetry on Pump #04,3826.29
2026-03-12 14:25,ZONE-B2-F5,B2,5,Cafeteria,68.06,9.53,0.08,WATE-B25649,Water Pump,79.5,20.5,R-B2505,18,30,60.0,3,Low,42.1,OCCUPANCY,Low,Stagger cafeteria lunch shifts to prevent density spikes,0.0
2026-03-12 14:50,ZONE-B3-F1,B3,1,Research Wing,56.15,7.86,0.32,HVAC-B31650,HVAC Unit,89.7,10.3,R-B3106,5,15,33.3,3,Medium,34.6,MAINTENANCE,Low,Calibrate pressure sensor telemetry on Pump #04,1043.86
2026-03-12 15:15,ZONE-B1-F2,B1,2,Executive Suite,50.76,7.11,0.05,CHIL-B12651,Chiller,95.9,4.1,R-B1207,7,15,46.7,5,High,94.2,SECURITY,High,Lock down restricted laboratory entry door,0.0
2026-03-12 15:40,ZONE-B2-F3,B2,3,Engineering Lab,66.08,9.25,0.3,AHU-B23652,AHU,95.4,4.6,R-B2308,4,15,26.7,3,Low,28.7,MAINTENANCE,Low,Calibrate pressure sensor telemetry on Pump #04,1665.33
2026-03-12 16:05,ZONE-B3-F4,B3,4,Open Workspace,57.94,8.11,0.17,GENE-B34653,Generator,92.7,7.3,R-B3409,10,15,66.7,2,Low,51.6,MAINTENANCE,Medium,Schedule emergency bearing lubrication on Chiller #02,2687.54
2026-03-12 16:30,ZONE-B1-F5,B1,5,Conference Hall,48.15,6.74,0.21,WATE-B15654,Water Pump,74.6,25.4,R-B1510,9,30,30.0,1,Low,25.0,OCCUPANCY,Low,Reallocate team meetings from overcrowded Conference Hall,0.0
2026-03-12 16:55,ZONE-B2-F1,B2,1,Server Room,47.69,6.68,0.1,HVAC-B21655,HVAC Unit,87.4,12.6,R-B2111,7,15,46.7,2,Medium,33.1,SECURITY,Medium,Flag unverified badge ID attempt for security audit,0.0
2026-03-12 17:20,ZONE-B3-F2,B3,2,Cafeteria,43.87,6.14,0.23,CHIL-B32656,Chiller,73.0,27.0,R-B3212,5,30,16.7,1,Low,21.7,MAINTENANCE,Medium,Inspect compressor vibration isolators immediately,1272.26
2026-03-12 17:45,ZONE-B1-F3,B1,3,Research Wing,56.28,7.88,0.12,AHU-B13657,AHU,81.8,18.2,R-B1313,4,15,26.7,0,Low,53.0,ENERGY,Medium,Inspect chilled water flow valves for leakage,3881.73
2026-03-12 18:10,ZONE-B2-F4,B2,4,Executive Suite,28.11,3.94,0.25,GENE-B24658,Generator,96.4,3.6,R-B2414,3,15,20.0,0,Low,54.6,OCCUPANCY,Low,Enable floating desk booking policy for underutilized zones,0.0
2026-03-12 18:35,ZONE-B3-F5,B3,5,Engineering Lab,51.33,7.19,0.19,WATE-B35659,Water Pump,93.5,6.5,R-B3515,8,15,53.3,1,Low,53.9,OCCUPANCY,Low,Reallocate team meetings from overcrowded Conference Hall,0.0
2026-03-12 19:00,ZONE-B1-F1,B1,1,Open Workspace,55.58,7.78,0.16,HVAC-B11660,HVAC Unit,83.0,17.0,R-B1101,10,15,66.7,0,Medium,29.8,ENERGY,Medium,Adjust HVAC setpoints by +2°C during non-peak hours,2641.1
2026-03-12 19:25,ZONE-B2-F2,B2,2,Conference Hall,59.8,8.37,0.12,CHIL-B22661,Chiller,94.7,5.3,R-B2202,2,30,6.7,3,Low,54.8,ENERGY,Medium,Adjust HVAC setpoints by +2°C during non-peak hours,1801.86
2026-03-12 19:50,ZONE-B3-F3,B3,3,Server Room,54.55,7.64,0.33,AHU-B33662,AHU,75.3,24.7,R-B3303,9,15,60.0,1,Low,41.8,SECURITY,Medium,Lock down restricted laboratory entry door,0.0
2026-03-12 20:15,ZONE-B1-F4,B1,4,Cafeteria,155.03,21.7,0.92,GENE-B14663,Generator,76.6,23.4,R-B1404,18,30,60.0,1,Low,82.9,ENERGY,High,Optimize ventilation fan speeds during lunch breaks,3630.87
2026-03-12 20:40,ZONE-B2-F5,B2,5,Research Wing,29.58,4.14,0.11,WATE-B25664,Water Pump,86.3,13.7,R-B2505,10,15,66.7,1,Low,37.8,ENERGY,Low,Optimize ventilation fan speeds during lunch breaks,1878.94
2026-03-12 21:05,ZONE-B3-F1,B3,1,Executive Suite,47.84,6.7,0.04,HVAC-B31665,HVAC Unit,93.5,6.5,R-B3106,14,15,93.3,3,Medium,65.6,OCCUPANCY,Medium,Consolidate open desks on Floor 3 to reduce thermal load,0.0
2026-03-12 21:30,ZONE-B1-F2,B1,2,Engineering Lab,30.74,4.3,0.13,CHIL-B12666,Chiller,96.0,4.0,R-B1207,6,15,40.0,3,Low,44.3,OCCUPANCY,Medium,Stagger cafeteria lunch shifts to prevent density spikes,0.0
2026-03-12 21:55,ZONE-B2-F3,B2,3,Open Workspace,39.88,5.58,0.32,AHU-B23667,AHU,49.4,50.6,R-B2308,4,15,26.7,2,Low,84.6,MAINTENANCE,Medium,Replace worn HVAC air filter cartridges,895.96
2026-03-12 22:20,ZONE-B3-F4,B3,4,Conference Hall,40.35,5.65,0.2,GENE-B34668,Generator,96.2,3.8,R-B3409,5,30,16.7,2,Low,41.9,MAINTENANCE,Medium,Replace worn HVAC air filter cartridges,3741.61
2026-03-12 22:45,ZONE-B1-F5,B1,5,Server Room,53.52,7.49,0.28,WATE-B15669,Water Pump,92.9,7.1,R-B1510,3,15,20.0,3,Low,22.1,ENERGY,Low,Adjust HVAC setpoints by +2°C during non-peak hours,2246.89
2026-03-12 23:10,ZONE-B2-F1,B2,1,Cafeteria,67.75,9.49,0.33,HVAC-B21670,HVAC Unit,79.9,20.1,R-B2111,4,30,13.3,3,Medium,32.6,MAINTENANCE,Medium,Replace worn HVAC air filter cartridges,2824.3
2026-03-12 23:35,ZONE-B3-F2,B3,2,Research Wing,32.25,4.52,0.26,CHIL-B32671,Chiller,80.5,19.5,R-B3212,1,15,6.7,1,Low,52.3,OCCUPANCY,Low,Consolidate open desks on Floor 3 to reduce thermal load,0.0
2026-03-13 00:00,ZONE-B1-F3,B1,3,Executive Suite,26.49,3.71,0.18,AHU-B13672,AHU,78.3,21.7,R-B1313,3,15,20.0,1,Low,51.1,MAINTENANCE,Low,Schedule emergency bearing lubrication on Chiller #02,4118.53
2026-03-13 00:25,ZONE-B2-F4,B2,4,Engineering Lab,29.59,4.14,0.01,GENE-B24673,Generator,85.5,14.5,R-B2414,9,15,60.0,0,Low,25.9,OCCUPANCY,Medium,Consolidate open desks on Floor 3 to reduce thermal load,0.0
2026-03-13 00:50,ZONE-B3-F5,B3,5,Open Workspace,27.33,3.83,0.25,WATE-B35674,Water Pump,76.6,23.4,R-B3515,2,15,13.3,0,Low,46.0,ENERGY,Medium,Implement automated LED dimming schedule,2494.02
2026-03-13 01:15,ZONE-B1-F1,B1,1,Conference Hall,44.19,6.19,0.04,HVAC-B11675,HVAC Unit,95.6,4.4,R-B1101,14,30,46.7,2,Medium,53.3,ENERGY,Medium,Adjust HVAC setpoints by +2°C during non-peak hours,3939.27
2026-03-13 01:40,ZONE-B2-F2,B2,2,Server Room,50.17,7.02,0.06,CHIL-B22676,Chiller,72.6,27.4,R-B2202,1,15,6.7,1,Low,53.6,ENERGY,Medium,Implement automated LED dimming schedule,2414.65
2026-03-13 02:05,ZONE-B3-F3,B3,3,Cafeteria,32.67,4.57,0.24,AHU-B33677,AHU,83.0,17.0,R-B3303,3,30,10.0,3,Low,51.8,ENERGY,Low,Implement automated LED dimming schedule,3081.14
2026-03-13 02:30,ZONE-B1-F4,B1,4,Research Wing,59.11,8.28,0.06,GENE-B14678,Generator,85.9,14.1,R-B1404,9,15,60.0,1,Low,45.0,SECURITY,Low,Review CCTV footage at Server Room entry point,0.0
2026-03-13 02:55,ZONE-B2-F5,B2,5,Executive Suite,29.5,4.13,0.33,WATE-B25679,Water Pump,94.6,5.4,R-B2505,4,15,26.7,3,Low,53.8,OCCUPANCY,Medium,Stagger cafeteria lunch shifts to prevent density spikes,0.0
2026-03-13 03:20,ZONE-B3-F1,B3,1,Engineering Lab,81.64,11.43,0.92,HVAC-B31680,HVAC Unit,86.3,13.7,R-B3106,1,15,6.7,1,Medium,71.7,ENERGY,Medium,Optimize ventilation fan speeds during lunch breaks,1252.51
2026-03-13 03:45,ZONE-B1-F2,B1,2,Open Workspace,30.3,4.24,0.13,CHIL-B12681,Chiller,80.5,19.5,R-B1207,8,15,53.3,2,Low,54.1,OCCUPANCY,Low,Stagger cafeteria lunch shifts to prevent density spikes,0.0
2026-03-13 04:10,ZONE-B2-F3,B2,3,Conference Hall,26.93,3.77,0.31,AHU-B23682,AHU,84.0,16.0,R-B2308,7,30,23.3,9,Critical,87.8,SECURITY,Critical,Lock down restricted laboratory entry door,0.0
2026-03-13 04:35,ZONE-B3-F4,B3,4,Server Room,49.1,6.87,0.34,GENE-B34683,Generator,90.3,9.7,R-B3409,0,15,0.0,3,Low,49.5,SECURITY,Low,Review CCTV footage at Server Room entry point,0.0
2026-03-13 05:00,ZONE-B1-F5,B1,5,Cafeteria,31.77,4.45,0.3,WATE-B15684,Water Pump,90.8,9.2,R-B1510,28,30,93.3,2,Low,70.7,OCCUPANCY,Medium,Consolidate open desks on Floor 3 to reduce thermal load,0.0
2026-03-13 05:25,ZONE-B2-F1,B2,1,Research Wing,52.2,7.31,0.33,HVAC-B21685,HVAC Unit,93.0,7.0,R-B2111,2,15,13.3,3,Medium,49.7,SECURITY,Medium,Re-issue temporary visitor clearance passes,0.0
2026-03-13 05:50,ZONE-B3-F2,B3,2,Executive Suite,59.75,8.37,0.12,CHIL-B32686,Chiller,82.6,17.4,R-B3212,1,15,6.7,1,Low,53.8,OCCUPANCY,Low,Reallocate team meetings from overcrowded Conference Hall,0.0
2026-03-13 06:15,ZONE-B1-F3,B1,3,Engineering Lab,55.44,7.76,0.22,AHU-B13687,AHU,88.9,11.1,R-B1313,6,15,40.0,2,Low,29.2,ENERGY,Medium,Implement automated LED dimming schedule,818.25
2026-03-13 06:40,ZONE-B2-F4,B2,4,Open Workspace,66.09,9.25,0.1,GENE-B24688,Generator,80.7,19.3,R-B2414,8,15,53.3,1,Low,53.4,OCCUPANCY,Low,Stagger cafeteria lunch shifts to prevent density spikes,0.0
2026-03-13 07:05,ZONE-B3-F5,B3,5,Conference Hall,65.03,9.1,0.28,WATE-B35689,Water Pump,86.8,13.2,R-B3515,3,30,10.0,2,Low,36.9,ENERGY,Medium,Implement automated LED dimming schedule,1744.01
2026-03-13 07:30,ZONE-B1-F1,B1,1,Server Room,27.12,3.8,0.19,HVAC-B11690,HVAC Unit,54.9,45.1,R-B1101,7,15,46.7,1,Medium,67.4,MAINTENANCE,Medium,Schedule emergency bearing lubrication on Chiller #02,751.21
2026-03-13 07:55,ZONE-B2-F2,B2,2,Cafeteria,43.67,6.11,0.24,CHIL-B22691,Chiller,73.1,26.9,R-B2202,2,30,6.7,0,Low,45.2,OCCUPANCY,Low,Reallocate team meetings from overcrowded Conference Hall,0.0
2026-03-13 08:20,ZONE-B3-F3,B3,3,Research Wing,46.99,6.58,0.13,AHU-B33692,AHU,87.9,12.1,R-B3303,0,15,0.0,0,Low,51.9,OCCUPANCY,Medium,Stagger cafeteria lunch shifts to prevent density spikes,0.0
2026-03-13 08:45,ZONE-B1-F4,B1,4,Executive Suite,36.89,5.16,0.33,GENE-B14693,Generator,90.1,9.9,R-B1404,7,15,46.7,1,Low,47.0,ENERGY,Low,Implement automated LED dimming schedule,3184.61
2026-03-13 09:10,ZONE-B2-F5,B2,5,Engineering Lab,57.37,8.03,0.16,WATE-B25694,Water Pump,90.3,9.7,R-B2505,1,15,6.7,3,Low,38.1,OCCUPANCY,Medium,Consolidate open desks on Floor 3 to reduce thermal load,0.0
2026-03-13 09:35,ZONE-B3-F1,B3,1,Open Workspace,37.38,5.23,0.04,HVAC-B31695,HVAC Unit,75.0,25.0,R-B3106,5,15,33.3,3,Medium,29.5,MAINTENANCE,Medium,Replace worn HVAC air filter cartridges,1551.3
2026-03-13 10:00,ZONE-B1-F2,B1,2,Conference Hall,58.31,8.16,0.25,CHIL-B12696,Chiller,96.9,3.1,R-B1207,16,30,53.3,2,Low,54.3,ENERGY,Medium,Adjust HVAC setpoints by +2°C during non-peak hours,2301.98
2026-03-13 10:25,ZONE-B2-F3,B2,3,Server Room,151.39,21.19,0.92,AHU-B23697,AHU,77.7,22.3,R-B2308,0,15,0.0,0,Low,73.3,ENERGY,High,Adjust HVAC setpoints by +2°C during non-peak hours,4134.72
2026-03-13 10:50,ZONE-B3-F4,B3,4,Cafeteria,52.73,7.38,0.09,GENE-B34698,Generator,90.0,10.0,R-B3409,4,30,13.3,1,Low,25.0,MAINTENANCE,Low,Schedule emergency bearing lubrication on Chiller #02,3538.73
2026-03-13 11:15,ZONE-B1-F5,B1,5,Research Wing,68.9,9.65,0.2,WATE-B15699,Water Pump,78.1,21.9,R-B1510,2,15,13.3,2,Low,44.8,ENERGY,Medium,Adjust HVAC setpoints by +2°C during non-peak hours,3423.67
2026-03-13 11:40,ZONE-B2-F1,B2,1,Executive Suite,56.84,7.96,0.11,HVAC-B21700,HVAC Unit,90.9,9.1,R-B2111,9,15,60.0,1,Medium,47.9,ENERGY,Low,Inspect chilled water flow valves for leakage,1391.86
2026-03-13 12:05,ZONE-B3-F2,B3,2,Engineering Lab,31.6,4.42,0.27,CHIL-B32701,Chiller,77.8,22.2,R-B3212,0,15,0.0,1,Low,20.5,SECURITY,Medium,Flag unverified badge ID attempt for security audit,0.0
2026-03-13 12:30,ZONE-B1-F3,B1,3,Open Workspace,29.14,4.08,0.34,AHU-B13702,AHU,84.6,15.4,R-B1313,6,15,40.0,1,Low,36.1,SECURITY,Low,Lock down restricted laboratory entry door,0.0
2026-03-13 12:55,ZONE-B2-F4,B2,4,Conference Hall,41.56,5.82,0.29,GENE-B24703,Generator,75.4,24.6,R-B2414,28,30,93.3,1,Low,78.5,OCCUPANCY,Medium,Reallocate team meetings from overcrowded Conference Hall,0.0
2026-03-13 13:20,ZONE-B3-F5,B3,5,Server Room,38.58,5.4,0.01,WATE-B35704,Water Pump,88.6,11.4,R-B3515,6,15,40.0,0,Low,23.4,ENERGY,Medium,Adjust HVAC setpoints by +2°C during non-peak hours,1301.83
2026-03-13 13:45,ZONE-B1-F1,B1,1,Cafeteria,61.52,8.61,0.34,HVAC-B11705,HVAC Unit,87.2,12.8,R-B1101,20,30,66.7,0,Medium,35.1,ENERGY,Medium,Inspect chilled water flow valves for leakage,2121.44
2026-03-13 14:10,ZONE-B2-F2,B2,2,Research Wing,30.72,4.3,0.09,CHIL-B22706,Chiller,72.1,27.9,R-B2202,6,15,40.0,1,Low,30.7,SECURITY,Low,Flag unverified badge ID attempt for security audit,0.0
2026-03-13 14:35,ZONE-B3-F3,B3,3,Executive Suite,33.09,4.63,0.13,AHU-B33707,AHU,76.1,23.9,R-B3303,0,15,0.0,0,Low,27.4,SECURITY,Low,Re-issue temporary visitor clearance passes,0.0
2026-03-13 15:00,ZONE-B1-F4,B1,4,Engineering Lab,29.76,4.17,0.21,GENE-B14708,Generator,78.0,22.0,R-B1404,6,15,40.0,2,Low,47.4,ENERGY,Low,Implement automated LED dimming schedule,3227.35
2026-03-13 15:25,ZONE-B2-F5,B2,5,Open Workspace,64.13,8.98,0.08,WATE-B25709,Water Pump,86.9,13.1,R-B2505,8,15,53.3,3,Low,52.3,ENERGY,Medium,Inspect chilled water flow valves for leakage,3333.29
2026-03-13 15:50,ZONE-B3-F1,B3,1,Conference Hall,47.28,6.62,0.17,HVAC-B31710,HVAC Unit,74.0,26.0,R-B3106,4,30,13.3,0,Medium,23.3,SECURITY,Low,Lock down restricted laboratory entry door,0.0
2026-03-13 16:15,ZONE-B1-F2,B1,2,Server Room,48.42,6.78,0.3,CHIL-B12711,Chiller,91.7,8.3,R-B1207,2,15,13.3,2,Low,25.8,SECURITY,Medium,Flag unverified badge ID attempt for security audit,0.0
2026-03-13 16:40,ZONE-B2-F3,B2,3,Cafeteria,39.43,5.52,0.3,AHU-B23712,AHU,90.5,9.5,R-B2308,18,30,60.0,1,Low,34.8,OCCUPANCY,Medium,Consolidate open desks on Floor 3 to reduce thermal load,0.0
2026-03-13 17:05,ZONE-B3-F4,B3,4,Research Wing,48.11,6.74,0.11,GENE-B34713,Generator,35.4,64.6,R-B3409,0,15,0.0,12,High,90.4,CROSS_DOMAIN,Critical,Priority Action: Reallocate headcount and reduce HVAC stage load in Zone B1-F2,946.06
2026-03-13 17:30,ZONE-B1-F5,B1,5,Executive Suite,85.3,11.94,0.92,WATE-B15714,Water Pump,89.0,11.0,R-B1510,9,15,60.0,0,Low,77.6,ENERGY,Medium,Implement automated LED dimming schedule,3358.86
2026-03-13 17:55,ZONE-B2-F1,B2,1,Engineering Lab,61.84,8.66,0.26,HVAC-B21715,HVAC Unit,84.7,15.3,R-B2111,8,15,53.3,2,Medium,23.0,OCCUPANCY,Low,Enable floating desk booking policy for underutilized zones,0.0
2026-03-13 18:20,ZONE-B3-F2,B3,2,Open Workspace,28.14,3.94,0.16,CHIL-B32716,Chiller,84.9,15.1,R-B3212,10,15,66.7,1,Low,29.9,OCCUPANCY,Medium,Reallocate team meetings from overcrowded Conference Hall,0.0
2026-03-13 18:45,ZONE-B1-F3,B1,3,Conference Hall,67.9,9.51,0.02,AHU-B13717,AHU,91.7,8.3,R-B1313,8,30,26.7,0,Low,34.8,OCCUPANCY,Medium,Consolidate open desks on Floor 3 to reduce thermal load,0.0
2026-03-13 19:10,ZONE-B2-F4,B2,4,Server Room,36.56,5.12,0.03,GENE-B24718,Generator,75.5,24.5,R-B2414,1,15,6.7,1,Low,54.5,ENERGY,Medium,Inspect chilled water flow valves for leakage,488.9
2026-03-13 19:35,ZONE-B3-F5,B3,5,Cafeteria,58.26,8.16,0.25,WATE-B35719,Water Pump,88.6,11.4,R-B3515,20,30,66.7,3,Low,23.4,MAINTENANCE,Medium,Schedule emergency bearing lubrication on Chiller #02,3446.66
2026-03-13 20:00,ZONE-B1-F1,B1,1,Research Wing,57.65,8.07,0.32,HVAC-B11720,HVAC Unit,91.0,9.0,R-B1101,3,15,20.0,3,Medium,42.3,OCCUPANCY,Low,Enable floating desk booking policy for underutilized zones,0.0
2026-03-13 20:25,ZONE-B2-F2,B2,2,Executive Suite,32.64,4.57,0.07,CHIL-B22721,Chiller,86.3,13.7,R-B2202,0,15,0.0,0,Low,43.7,MAINTENANCE,Low,Inspect compressor vibration isolators immediately,3790.03
2026-03-13 20:50,ZONE-B3-F3,B3,3,Engineering Lab,27.84,3.9,0.03,AHU-B33722,AHU,88.0,12.0,R-B3303,14,15,93.3,1,Low,77.9,OCCUPANCY,Medium,Stagger cafeteria lunch shifts to prevent density spikes,0.0
2026-03-13 21:15,ZONE-B1-F4,B1,4,Open Workspace,41.77,5.85,0.18,GENE-B14723,Generator,95.4,4.6,R-B1404,8,15,53.3,1,Low,26.0,SECURITY,Medium,Re-issue temporary visitor clearance passes,0.0
2026-03-13 21:40,ZONE-B2-F5,B2,5,Conference Hall,44.82,6.27,0.09,WATE-B25724,Water Pump,90.3,9.7,R-B2505,11,30,36.7,3,Low,37.6,MAINTENANCE,Low,Inspect compressor vibration isolators immediately,1355.64
2026-03-13 22:05,ZONE-B3-F1,B3,1,Server Room,29.1,4.07,0.07,HVAC-B31725,HVAC Unit,87.9,12.1,R-B3106,5,15,33.3,0,Medium,49.6,ENERGY,Low,Adjust HVAC setpoints by +2°C during non-peak hours,2534.95
2026-03-13 22:30,ZONE-B1-F2,B1,2,Cafeteria,47.18,6.61,0.22,CHIL-B12726,Chiller,85.4,14.6,R-B1207,8,30,26.7,2,Low,32.9,OCCUPANCY,Medium,Enable floating desk booking policy for underutilized zones,0.0
2026-03-13 22:55,ZONE-B2-F3,B2,3,Research Wing,58.12,8.14,0.04,AHU-B23727,AHU,72.4,27.6,R-B2308,2,15,13.3,2,Low,21.2,MAINTENANCE,Medium,Schedule emergency bearing lubrication on Chiller #02,473.95
2026-03-13 23:20,ZONE-B3-F4,B3,4,Executive Suite,61.64,8.63,0.1,GENE-B34728,Generator,85.8,14.2,R-B3409,5,15,33.3,2,Low,28.9,OCCUPANCY,Low,Reallocate team meetings from overcrowded Conference Hall,0.0
2026-03-13 23:45,ZONE-B1-F5,B1,5,Engineering Lab,37.74,5.28,0.15,WATE-B15729,Water Pump,73.1,26.9,R-B1510,0,15,0.0,2,Low,30.3,OCCUPANCY,Medium,Enable floating desk booking policy for underutilized zones,0.0
2026-03-14 00:10,ZONE-B2-F1,B2,1,Open Workspace,33.6,4.7,0.35,HVAC-B21730,HVAC Unit,76.1,23.9,R-B2111,4,15,26.7,2,Medium,25.3,ENERGY,Low,Implement automated LED dimming schedule,1703.75
2026-03-14 00:35,ZONE-B3-F2,B3,2,Conference Hall,77.16,10.8,0.92,CHIL-B32731,Chiller,92.4,7.6,R-B3212,11,30,36.7,0,Low,70.9,ENERGY,Medium,Adjust HVAC setpoints by +2°C during non-peak hours,1103.4
2026-03-14 01:00,ZONE-B1-F3,B1,3,Server Room,59.9,8.39,0.18,AHU-B13732,AHU,84.5,15.5,R-B1313,0,15,0.0,1,Low,45.8,ENERGY,Medium,Implement automated LED dimming schedule,3308.96
2026-03-14 01:25,ZONE-B2-F4,B2,4,Cafeteria,44.31,6.2,0.2,GENE-B24733,Generator,72.6,27.4,R-B2414,1,30,3.3,1,Low,33.3,MAINTENANCE,Medium,Schedule emergency bearing lubrication on Chiller #02,3945.15
2026-03-14 01:50,ZONE-B3-F5,B3,5,Research Wing,64.36,9.01,0.05,WATE-B35734,Water Pump,90.8,9.2,R-B3515,9,15,60.0,2,Low,22.8,ENERGY,Medium,Optimize ventilation fan speeds during lunch breaks,2519.19
2026-03-14 02:15,ZONE-B1-F1,B1,1,Executive Suite,65.91,9.23,0.22,HVAC-B11735,HVAC Unit,80.0,20.0,R-B1101,4,15,26.7,0,Medium,41.8,SECURITY,Medium,Review CCTV footage at Server Room entry point,0.0
2026-03-14 02:40,ZONE-B2-F2,B2,2,Engineering Lab,49.1,6.87,0.23,CHIL-B22736,Chiller,41.7,58.3,R-B2202,8,15,53.3,1,Low,66.8,MAINTENANCE,Medium,Schedule emergency bearing lubrication on Chiller #02,3546.43
2026-03-14 03:05,ZONE-B3-F3,B3,3,Open Workspace,47.57,6.66,0.19,AHU-B33737,AHU,97.0,3.0,R-B3303,9,15,60.0,3,Low,36.2,OCCUPANCY,Low,Consolidate open desks on Floor 3 to reduce thermal load,0.0
2026-03-14 03:30,ZONE-B1-F4,B1,4,Conference Hall,37.52,5.25,0.08,GENE-B14738,Generator,75.1,24.9,R-B1404,16,30,53.3,0,Low,39.5,SECURITY,Medium,Review CCTV footage at Server Room entry point,0.0
2026-03-14 03:55,ZONE-B2-F5,B2,5,Server Room,65.44,9.16,0.32,WATE-B25739,Water Pump,93.4,6.6,R-B2505,0,15,0.0,2,Low,33.9,SECURITY,Low,Review CCTV footage at Server Room entry point,0.0
2026-03-14 04:20,ZONE-B3-F1,B3,1,Cafeteria,36.86,5.16,0.05,HVAC-B31740,HVAC Unit,81.3,18.7,R-B3106,20,30,66.7,3,Medium,40.6,SECURITY,Medium,Review CCTV footage at Server Room entry point,0.0
2026-03-14 04:45,ZONE-B1-F2,B1,2,Research Wing,68.33,9.57,0.17,CHIL-B12741,Chiller,74.5,25.5,R-B1207,14,15,93.3,1,Low,74.5,OCCUPANCY,Medium,Enable floating desk booking policy for underutilized zones,0.0
2026-03-14 05:10,ZONE-B2-F3,B2,3,Executive Suite,37.3,5.22,0.01,AHU-B23742,AHU,93.0,7.0,R-B2308,6,15,40.0,3,Low,24.9,SECURITY,Low,Re-issue temporary visitor clearance passes,0.0
2026-03-14 05:35,ZONE-B3-F4,B3,4,Engineering Lab,65.64,9.19,0.31,GENE-B34743,Generator,88.8,11.2,R-B3409,3,15,20.0,1,Low,44.0,ENERGY,Medium,Implement automated LED dimming schedule,1355.5
2026-03-14 06:00,ZONE-B1-F5,B1,5,Open Workspace,29.7,4.16,0.24,WATE-B15744,Water Pump,74.4,25.6,R-B1510,0,15,0.0,7,Critical,78.0,SECURITY,Critical,Review CCTV footage at Server Room entry point,0.0
2026-03-14 06:25,ZONE-B2-F1,B2,1,Conference Hall,65.35,9.15,0.05,HVAC-B21745,HVAC Unit,76.6,23.4,R-B2111,17,30,56.7,0,Medium,35.5,SECURITY,Medium,Flag unverified badge ID attempt for security audit,0.0
2026-03-14 06:50,ZONE-B3-F2,B3,2,Server Room,68.94,9.65,0.34,CHIL-B32746,Chiller,90.8,9.2,R-B3212,7,15,46.7,3,Low,46.9,OCCUPANCY,Medium,Consolidate open desks on Floor 3 to reduce thermal load,0.0
2026-03-14 07:15,ZONE-B1-F3,B1,3,Cafeteria,68.14,9.54,0.15,AHU-B13747,AHU,83.0,17.0,R-B1313,1,30,3.3,0,Low,30.7,SECURITY,Medium,Review CCTV footage at Server Room entry point,0.0
2026-03-14 07:40,ZONE-B2-F4,B2,4,Research Wing,145.24,20.33,0.92,GENE-B24748,Generator,86.9,13.1,R-B2414,10,15,66.7,0,Low,70.2,ENERGY,High,Optimize ventilation fan speeds during lunch breaks,3389.51
2026-03-14 08:05,ZONE-B3-F5,B3,5,Executive Suite,43.02,6.02,0.26,WATE-B35749,Water Pump,77.9,22.1,R-B3515,7,15,46.7,2,Low,42.8,MAINTENANCE,Low,Inspect compressor vibration isolators immediately,2445.35
2026-03-14 08:30,ZONE-B1-F1,B1,1,Engineering Lab,64.84,9.08,0.03,HVAC-B11750,HVAC Unit,75.0,25.0,R-B1101,4,15,26.7,3,Medium,38.9,SECURITY,Low,Review CCTV footage at Server Room entry point,0.0
2026-03-14 08:55,ZONE-B2-F2,B2,2,Open Workspace,60.62,8.49,0.01,CHIL-B22751,Chiller,74.6,25.4,R-B2202,9,15,60.0,3,Low,50.0,MAINTENANCE,Medium,Schedule emergency bearing lubrication on Chiller #02,3536.9
2026-03-14 09:20,ZONE-B3-F3,B3,3,Conference Hall,61.93,8.67,0.1,AHU-B33752,AHU,75.7,24.3,R-B3303,2,30,6.7,1,Low,52.4,OCCUPANCY,Low,Enable floating desk booking policy for underutilized zones,0.0
2026-03-14 09:45,ZONE-B1-F4,B1,4,Server Room,34.44,4.82,0.12,GENE-B14753,Generator,88.1,11.9,R-B1404,0,15,0.0,1,Low,27.6,ENERGY,Low,Implement automated LED dimming schedule,2247.67
2026-03-14 10:10,ZONE-B2-F5,B2,5,Cafeteria,69.8,9.77,0.21,WATE-B25754,Water Pump,95.9,4.1,R-B2505,16,30,53.3,2,Low,33.5,OCCUPANCY,Low,Consolidate open desks on Floor 3 to reduce thermal load,0.0
2026-03-14 10:35,ZONE-B3-F1,B3,1,Research Wing,44.78,6.27,0.07,HVAC-B31755,HVAC Unit,77.7,22.3,R-B3106,10,15,66.7,1,Medium,20.1,ENERGY,Medium,Inspect chilled water flow valves for leakage,1779.66
2026-03-14 11:00,ZONE-B1-F2,B1,2,Executive Suite,51.97,7.28,0.27,CHIL-B12756,Chiller,72.2,27.8,R-B1207,1,15,6.7,2,Low,42.4,MAINTENANCE,Medium,Calibrate pressure sensor telemetry on Pump #04,1697.9
2026-03-14 11:25,ZONE-B2-F3,B2,3,Engineering Lab,37.07,5.19,0.12,AHU-B23757,AHU,89.7,10.3,R-B2308,9,15,60.0,2,Low,28.5,MAINTENANCE,Medium,Calibrate pressure sensor telemetry on Pump #04,1522.1
2026-03-14 11:50,ZONE-B3-F4,B3,4,Open Workspace,50.55,7.08,0.33,GENE-B34758,Generator,76.8,23.2,R-B3409,2,15,13.3,0,Low,23.9,ENERGY,Low,Inspect chilled water flow valves for leakage,2933.63
2026-03-14 12:15,ZONE-B1-F5,B1,5,Conference Hall,53.17,7.44,0.29,WATE-B15759,Water Pump,40.1,59.9,R-B1510,7,30,23.3,1,Low,82.5,MAINTENANCE,Medium,Replace worn HVAC air filter cartridges,739.84
2026-03-14 12:40,ZONE-B2-F1,B2,1,Server Room,49.05,6.87,0.07,HVAC-B21760,HVAC Unit,72.6,27.4,R-B2111,14,15,93.3,3,Medium,68.6,OCCUPANCY,Medium,Stagger cafeteria lunch shifts to prevent density spikes,0.0
2026-03-14 13:05,ZONE-B3-F2,B3,2,Cafeteria,45.58,6.38,0.18,CHIL-B32761,Chiller,76.3,23.7,R-B3212,16,30,53.3,1,Low,41.0,MAINTENANCE,Low,Calibrate pressure sensor telemetry on Pump #04,1416.32
2026-03-14 13:30,ZONE-B1-F3,B1,3,Research Wing,43.39,6.07,0.12,AHU-B13762,AHU,81.4,18.6,R-B1313,4,15,26.7,2,Low,41.2,MAINTENANCE,Medium,Schedule emergency bearing lubrication on Chiller #02,2253.93
2026-03-14 13:55,ZONE-B2-F4,B2,4,Executive Suite,45.88,6.42,0.3,GENE-B24763,Generator,77.9,22.1,R-B2414,5,15,33.3,0,Low,28.6,MAINTENANCE,Medium,Inspect compressor vibration isolators immediately,4118.42
2026-03-14 14:20,ZONE-B3-F5,B3,5,Engineering Lab,57.26,8.02,0.02,WATE-B35764,Water Pump,86.8,13.2,R-B3515,3,15,20.0,0,Low,42.6,OCCUPANCY,Medium,Enable floating desk booking policy for underutilized zones,0.0
2026-03-14 14:45,ZONE-B1-F1,B1,1,Open Workspace,81.97,11.48,0.92,HVAC-B11765,HVAC Unit,73.5,26.5,R-B1101,9,15,60.0,3,Medium,83.6,ENERGY,Medium,Optimize ventilation fan speeds during lunch breaks,4233.26
2026-03-14 15:10,ZONE-B2-F2,B2,2,Conference Hall,58.09,8.13,0.34,CHIL-B22766,Chiller,72.5,27.5,R-B2202,11,30,36.7,0,Low,27.6,OCCUPANCY,Low,Stagger cafeteria lunch shifts to prevent density spikes,0.0
2026-03-14 15:35,ZONE-B3-F3,B3,3,Server Room,27.42,3.84,0.31,AHU-B33767,AHU,88.9,11.1,R-B3303,0,15,0.0,0,Low,48.6,OCCUPANCY,Medium,Consolidate open desks on Floor 3 to reduce thermal load,0.0
2026-03-14 16:00,ZONE-B1-F4,B1,4,Cafeteria,31.49,4.41,0.11,GENE-B14768,Generator,93.5,6.5,R-B1404,8,30,26.7,2,Low,30.3,ENERGY,Low,Optimize ventilation fan speeds during lunch breaks,1008.43
2026-03-14 16:25,ZONE-B2-F5,B2,5,Research Wing,47.81,6.69,0.24,WATE-B25769,Water Pump,96.1,3.9,R-B2505,8,15,53.3,1,Low,54.1,OCCUPANCY,Medium,Enable floating desk booking policy for underutilized zones,0.0
2026-03-14 16:50,ZONE-B3-F1,B3,1,Executive Suite,43.7,6.12,0.04,HVAC-B31770,HVAC Unit,88.1,11.9,R-B3106,4,15,26.7,0,Medium,43.2,ENERGY,Low,Implement automated LED dimming schedule,3002.89
2026-03-14 17:15,ZONE-B1-F2,B1,2,Engineering Lab,38.59,5.4,0.04,CHIL-B12771,Chiller,77.6,22.4,R-B1207,4,15,26.7,0,Low,49.3,MAINTENANCE,Low,Calibrate pressure sensor telemetry on Pump #04,3192.52
2026-03-14 17:40,ZONE-B2-F3,B2,3,Open Workspace,33.13,4.64,0.24,AHU-B23772,AHU,96.8,3.2,R-B2308,9,15,60.0,2,Low,35.0,OCCUPANCY,Medium,Reallocate team meetings from overcrowded Conference Hall,0.0
2026-03-14 18:05,ZONE-B3-F4,B3,4,Conference Hall,31.14,4.36,0.22,GENE-B34773,Generator,95.9,4.1,R-B3409,6,30,20.0,1,Low,30.5,SECURITY,Low,Flag unverified badge ID attempt for security audit,0.0
2026-03-14 18:30,ZONE-B1-F5,B1,5,Server Room,52.08,7.29,0.05,WATE-B15774,Water Pump,90.3,9.7,R-B1510,8,15,53.3,1,Low,54.7,SECURITY,Medium,Flag unverified badge ID attempt for security audit,0.0
2026-03-14 18:55,ZONE-B2-F1,B2,1,Cafeteria,67.97,9.52,0.26,HVAC-B21775,HVAC Unit,82.6,17.4,R-B2111,15,30,50.0,3,High,92.3,SECURITY,High,Review CCTV footage at Server Room entry point,0.0
2026-03-14 19:20,ZONE-B3-F2,B3,2,Research Wing,54.81,7.67,0.28,CHIL-B32776,Chiller,74.2,25.8,R-B3212,8,15,53.3,2,Low,30.3,ENERGY,Medium,Implement automated LED dimming schedule,1135.12
2026-03-14 19:45,ZONE-B1-F3,B1,3,Executive Suite,26.55,3.72,0.32,AHU-B13777,AHU,82.9,17.1,R-B1313,6,15,40.0,0,Low,39.4,MAINTENANCE,Medium,Calibrate pressure sensor telemetry on Pump #04,1941.33
2026-03-14 20:10,ZONE-B2-F4,B2,4,Engineering Lab,43.02,6.02,0.26,GENE-B24778,Generator,78.5,21.5,R-B2414,6,15,40.0,0,Low,21.2,ENERGY,Medium,Adjust HVAC setpoints by +2°C during non-peak hours,3358.36
2026-03-14 20:35,ZONE-B3-F5,B3,5,Open Workspace,56.02,7.84,0.35,WATE-B35779,Water Pump,74.7,25.3,R-B3515,14,15,93.3,0,Low,64.3,OCCUPANCY,Medium,Enable floating desk booking policy for underutilized zones,0.0
2026-03-14 21:00,ZONE-B1-F1,B1,1,Conference Hall,67.52,9.45,0.07,HVAC-B11780,HVAC Unit,94.0,6.0,R-B1101,15,30,50.0,1,Medium,25.1,SECURITY,Low,Flag unverified badge ID attempt for security audit,0.0
2026-03-14 21:25,ZONE-B2-F2,B2,2,Server Room,41.61,5.83,0.25,CHIL-B22781,Chiller,82.7,17.3,R-B2202,2,15,13.3,1,Low,26.8,OCCUPANCY,Low,Stagger cafeteria lunch shifts to prevent density spikes,0.0
2026-03-14 21:50,ZONE-B3-F3,B3,3,Cafeteria,181.18,25.37,0.92,AHU-B33782,AHU,42.1,57.9,R-B3303,4,30,13.3,3,Low,73.5,ENERGY,High,Optimize ventilation fan speeds during lunch breaks,832.72
2026-03-14 22:15,ZONE-B1-F4,B1,4,Research Wing,61.38,8.59,0.16,GENE-B14783,Generator,83.2,16.8,R-B1404,0,15,0.0,1,Low,34.3,MAINTENANCE,Low,Inspect compressor vibration isolators immediately,960.02
2026-03-14 22:40,ZONE-B2-F5,B2,5,Executive Suite,49.15,6.88,0.14,WATE-B25784,Water Pump,94.3,5.7,R-B2505,1,15,6.7,0,Low,48.0,MAINTENANCE,Low,Calibrate pressure sensor telemetry on Pump #04,1470.25
2026-03-14 23:05,ZONE-B3-F1,B3,1,Engineering Lab,36.67,5.13,0.28,HVAC-B31785,HVAC Unit,90.8,9.2,R-B3106,2,15,13.3,2,Medium,30.0,OCCUPANCY,Medium,Reallocate team meetings from overcrowded Conference Hall,0.0
2026-03-14 23:30,ZONE-B1-F2,B1,2,Open Workspace,62.04,8.69,0.11,CHIL-B12786,Chiller,92.8,7.2,R-B1207,4,15,26.7,0,Low,33.2,OCCUPANCY,Low,Consolidate open desks on Floor 3 to reduce thermal load,0.0
2026-03-14 23:55,ZONE-B2-F3,B2,3,Conference Hall,49.95,6.99,0.23,AHU-B23787,AHU,82.7,17.3,R-B2308,0,30,0.0,2,Low,41.4,MAINTENANCE,Medium,Inspect compressor vibration isolators immediately,2999.87
2026-03-15 00:20,ZONE-B3-F4,B3,4,Server Room,45.7,6.4,0.15,GENE-B34788,Generator,76.7,23.3,R-B3409,5,15,33.3,2,Low,40.5,MAINTENANCE,Medium,Inspect compressor vibration isolators immediately,2401.29
2026-03-15 00:45,ZONE-B1-F5,B1,5,Cafeteria,51.71,7.24,0.31,WATE-B15789,Water Pump,86.1,13.9,R-B1510,13,30,43.3,0,Low,26.8,MAINTENANCE,Medium,Calibrate pressure sensor telemetry on Pump #04,3593.71
2026-03-15 01:10,ZONE-B2-F1,B2,1,Research Wing,32.46,4.54,0.1,HVAC-B21790,HVAC Unit,76.2,23.8,R-B2111,2,15,13.3,1,Medium,51.0,SECURITY,Low,Review CCTV footage at Server Room entry point,0.0
2026-03-15 01:35,ZONE-B3-F2,B3,2,Executive Suite,54.67,7.65,0.12,CHIL-B32791,Chiller,93.0,7.0,R-B3212,3,15,20.0,3,Low,41.5,MAINTENANCE,Medium,Schedule emergency bearing lubrication on Chiller #02,2827.2
2026-03-15 02:00,ZONE-B1-F3,B1,3,Engineering Lab,64.51,9.03,0.11,AHU-B13792,AHU,72.2,27.8,R-B1313,4,15,26.7,1,Low,33.4,ENERGY,Low,Adjust HVAC setpoints by +2°C during non-peak hours,2771.6
2026-03-15 02:25,ZONE-B2-F4,B2,4,Open Workspace,37.26,5.22,0.2,GENE-B24793,Generator,80.5,19.5,R-B2414,5,15,33.3,2,Low,20.8,SECURITY,Medium,Flag unverified badge ID attempt for security audit,0.0
2026-03-15 02:50,ZONE-B3-F5,B3,5,Conference Hall,47.5,6.65,0.14,WATE-B35794,Water Pump,85.6,14.4,R-B3515,15,30,50.0,1,Low,28.7,ENERGY,Low,Optimize ventilation fan speeds during lunch breaks,2409.41
2026-03-15 03:15,ZONE-B1-F1,B1,1,Server Room,34.34,4.81,0.05,HVAC-B11795,HVAC Unit,89.1,10.9,R-B1101,4,15,26.7,1,Medium,32.8,ENERGY,Medium,Inspect chilled water flow valves for leakage,1509.43
2026-03-15 03:40,ZONE-B2-F2,B2,2,Cafeteria,35.58,4.98,0.18,CHIL-B22796,Chiller,72.2,27.8,R-B2202,5,30,16.7,1,Low,25.6,ENERGY,Low,Adjust HVAC setpoints by +2°C during non-peak hours,495.9
2026-03-15 04:05,ZONE-B3-F3,B3,3,Research Wing,55.12,7.72,0.29,AHU-B33797,AHU,94.5,5.5,R-B3303,6,15,40.0,0,Low,48.6,SECURITY,Medium,Re-issue temporary visitor clearance passes,0.0
2026-03-15 04:30,ZONE-B1-F4,B1,4,Executive Suite,34.75,4.87,0.04,GENE-B14798,Generator,90.3,9.7,R-B1404,14,15,93.3,2,Low,67.2,OCCUPANCY,Medium,Stagger cafeteria lunch shifts to prevent density spikes,0.0
2026-03-15 04:55,ZONE-B2-F5,B2,5,Engineering Lab,67.3,9.42,0.92,WATE-B25799,Water Pump,73.9,26.1,R-B2505,7,15,46.7,0,Low,71.7,ENERGY,Medium,Implement automated LED dimming schedule,3841.69
2026-03-15 05:20,ZONE-B3-F1,B3,1,Open Workspace,60.94,8.53,0.19,HVAC-B31800,HVAC Unit,72.2,27.8,R-B3106,5,15,33.3,3,Medium,49.6,OCCUPANCY,Medium,Enable floating desk booking policy for underutilized zones,0.0
